#
# There is insufficient memory for the Java Runtime Environment to continue.
# Native memory allocation (mmap) failed to map 573571072 bytes for G1 virtual space
# Possible reasons:
#   The system is out of physical RAM or swap space
#   The process is running with CompressedOops enabled, and the Java Heap may be blocking the growth of the native heap
# Possible solutions:
#   Reduce memory load on the system
#   Increase physical memory or swap space
#   Check if swap backing store is full
#   Decrease Java heap size (-Xmx/-Xms)
#   Decrease number of Java threads
#   Decrease Java thread stack sizes (-Xss)
#   Set larger code cache with -XX:ReservedCodeCacheSize=
#   JVM is running with Unscaled Compressed Oops mode in which the Java heap is
#     placed in the first 4GB address space. The Java Heap base address is the
#     maximum limit for the native heap growth. Please use -XX:HeapBaseMinAddress
#     to set the Java Heap base and to place the Java Heap above 4GB virtual address.
# This output file may be truncated or incomplete.
#
#  Out of Memory Error (os_windows.cpp:3769), pid=33056, tid=31512
#
# JRE version: OpenJDK Runtime Environment (17.0.6) (build 17.0.6+0-b2043.56-9586694)
# Java VM: OpenJDK 64-Bit Server VM (17.0.6+0-b2043.56-9586694, mixed mode, tiered, compressed oops, compressed class ptrs, g1 gc, windows-amd64)
# No core dump will be written. Minidumps are not enabled by default on client versions of Windows
#

---------------  S U M M A R Y ------------

Command Line: --add-opens=java.base/java.util=ALL-UNNAMED --add-opens=java.base/java.lang=ALL-UNNAMED --add-opens=java.base/java.lang.invoke=ALL-UNNAMED --add-opens=java.prefs/java.util.prefs=ALL-UNNAMED --add-opens=java.base/java.nio.charset=ALL-UNNAMED --add-opens=java.base/java.net=ALL-UNNAMED --add-opens=java.base/java.util.concurrent.atomic=ALL-UNNAMED -Xmx2048m -Dfile.encoding=UTF-8 -Duser.country=US -Duser.language=en -Duser.variant org.gradle.launcher.daemon.bootstrap.GradleDaemon 8.0

Host: AMD Ryzen 9 7940HS w/ Radeon 780M Graphics     , 16 cores, 15G,  Windows 11 , 64 bit Build 22621 (10.0.22621.3527)
Time: Wed May  8 06:54:52 2024 India Standard Time elapsed time: 250.832031 seconds (0d 0h 4m 10s)

---------------  T H R E A D  ---------------

Current thread (0x00000274687ee800):  VMThread "VM Thread" [stack: 0x000000eb95100000,0x000000eb95200000] [id=31512]

Stack: [0x000000eb95100000,0x000000eb95200000]
Native frames: (J=compiled Java code, j=interpreted, Vv=VM code, C=native code)
V  [jvm.dll+0x683b4a]
V  [jvm.dll+0x842654]
V  [jvm.dll+0x843dfe]
V  [jvm.dll+0x844463]
V  [jvm.dll+0x249b75]
V  [jvm.dll+0x680a19]
V  [jvm.dll+0x674f0a]
V  [jvm.dll+0x309acb]
V  [jvm.dll+0x310f86]
V  [jvm.dll+0x3608ee]
V  [jvm.dll+0x360b1f]
V  [jvm.dll+0x2dfbf8]
V  [jvm.dll+0x2ddec4]
V  [jvm.dll+0x2dd4cc]
V  [jvm.dll+0x322261]
V  [jvm.dll+0x84893b]
V  [jvm.dll+0x849674]
V  [jvm.dll+0x849b8d]
V  [jvm.dll+0x849f64]
V  [jvm.dll+0x84a030]
V  [jvm.dll+0x7f25fa]
V  [jvm.dll+0x682985]
C  [ucrtbase.dll+0x29333]
C  [KERNEL32.DLL+0x1257d]
C  [ntdll.dll+0x5aa48]

VM_Operation (0x000000eba8afeb30): G1TryInitiateConcMark, mode: safepoint, requested by thread 0x000002747c945530


---------------  P R O C E S S  ---------------

Threads class SMR info:
_java_thread_list=0x00000274774707e0, length=292, elements={
0x000002744bf11a50, 0x00000274690433c0, 0x0000027469043f70, 0x00000274690884d0,
0x0000027469089080, 0x000002746908bc40, 0x000002746908eb00, 0x000002746909b1b0,
0x000002746909cc60, 0x000002746909d650, 0x0000027469231d60, 0x0000027469234240,
0x000002746a356ca0, 0x000002746a357640, 0x000002746a357b10, 0x000002746accfbb0,
0x000002746acd13c0, 0x000002746acd0ef0, 0x000002746accf210, 0x000002746acd0080,
0x000002746acced40, 0x000002746acd2700, 0x000002746acd2bd0, 0x000002746accbd20,
0x000002746e9bb2b0, 0x000002746e9bbc50, 0x000002746e9bd930, 0x000002746c43f570,
0x000002746c439ed0, 0x000002746c43bbb0, 0x000002746c43a3a0, 0x000002746c43e700,
0x000002746c43fa40, 0x000002746c43ff10, 0x000002746c43a870, 0x000002746c43cef0,
0x000002746c43d3c0, 0x000002746c43d890, 0x000002746c43ca20, 0x0000027474ef8940,
0x0000027474ef6c60, 0x0000027474ef5920, 0x0000027474efafc0, 0x0000027473e1b160,
0x0000027473e177a0, 0x0000027473e1c4a0, 0x0000027473e18fb0, 0x0000027473e1bfd0,
0x0000027473e1bb00, 0x0000027473e18140, 0x0000027473e16930, 0x0000027473e1a7c0,
0x0000027473e17c70, 0x0000027473e18610, 0x0000027473e15f90, 0x0000027473e1d310,
0x0000027473e1d7e0, 0x0000027473e18ae0, 0x0000027473e1c970, 0x0000027473e19480,
0x0000027473e16e00, 0x0000027473e19950, 0x0000027473e19e20, 0x0000027473e1ce40,
0x0000027473e1a2f0, 0x0000027473e1b630, 0x0000027473e1dcb0, 0x0000027473e1e180,
0x0000027473e1e650, 0x0000027473e1eb20, 0x0000027473e172d0, 0x0000027473e21670,
0x0000027473e22010, 0x0000027473e1eff0, 0x0000027473e1f4c0, 0x0000027473e1f990,
0x0000027473e20800, 0x0000027473e1fe60, 0x0000027473e20330, 0x0000027473e20cd0,
0x0000027473e211a0, 0x0000027473e21b40, 0x0000027473e229b0, 0x0000027473e22e80,
0x00000274784063a0, 0x0000027478405060, 0x00000274784076e0, 0x0000027478406870,
0x000002747840dbf0, 0x000002747840abd0, 0x0000027478408ef0, 0x000002747840cd80,
0x000002747840d250, 0x0000027478407bb0, 0x000002747840b0a0, 0x000002747840e0c0,
0x000002747840ef30, 0x000002747840e590, 0x0000027478408080, 0x000002747840ea60,
0x000002747840f400, 0x000002747840f8d0, 0x000002747840fda0, 0x0000027478408550,
0x0000027478410270, 0x0000027478410740, 0x00000274784145d0, 0x0000027478410c10,
0x0000027478413290, 0x00000274784110e0, 0x00000274784115b0, 0x0000027478413c30,
0x0000027478411a80, 0x0000027478411f50, 0x0000027478412420, 0x00000274784128f0,
0x0000027478412dc0, 0x0000027478414aa0, 0x0000027478413760, 0x0000027478414100,
0x00000274763577e0, 0x0000027476355fd0, 0x0000027476359990, 0x0000027476359e60,
0x0000027476358b20, 0x0000027476357cb0, 0x0000027476355630, 0x00000274763564a0,
0x00000274763547c0, 0x000002747635a330, 0x00000274763542f0, 0x0000027476356970,
0x0000027476358180, 0x0000027476353e20, 0x0000027476354c90, 0x0000027476352ae0,
0x0000027476357310, 0x0000027476352fb0, 0x0000027476353480, 0x0000027476355160,
0x0000027476353950, 0x000002746e9bcac0, 0x000002746e9b8760, 0x000002746e9b8c30,
0x000002746e9b7dc0, 0x000002746e9bde00, 0x000002746e9b9f70, 0x000002746e9bc120,
0x000002746e9bb780, 0x000002746e9bec70, 0x000002746e9be2d0, 0x000002746e9bc5f0,
0x000002746e9ba440, 0x000002746e9bade0, 0x000002746e9be7a0, 0x000002746e9ba910,
0x000002746e9bcf90, 0x000002746e9b95d0, 0x000002746e9bf140, 0x000002746e9bf610,
0x000002746e9b9aa0, 0x000002746accda00, 0x000002746accf6e0, 0x000002746acd0550,
0x000002746acd0a20, 0x000002746accd530, 0x000002746acd30a0, 0x000002746accded0,
0x000002746acd3570, 0x000002746acd1890, 0x000002746acd1d60, 0x0000027474ef8e10,
0x0000027474ef9c80, 0x0000027474ef92e0, 0x0000027474efb490, 0x0000027474efb960,
0x0000027474ef62c0, 0x000002746c43ad40, 0x000002746c4403e0, 0x000002746c439060,
0x000002746c439530, 0x000002746c43c080, 0x000002746a357fe0, 0x000002746a357170,
0x000002746a3567d0, 0x0000027476356e40, 0x000002746b98ac10, 0x000002746b98dc30,
0x000002746b98e100, 0x000002746b98e5d0, 0x000002746b9880c0, 0x000002746b986d80,
0x000002746b98a270, 0x000002746b98eaa0, 0x000002746b98d760, 0x000002746b9898d0,
0x000002746b98ba80, 0x000002746b987250, 0x000002746b987bf0, 0x000002746b988590,
0x000002746b988f30, 0x000002746b987720, 0x000002746b98c420, 0x000002746b98ef70,
0x000002746b989da0, 0x000002746b98fde0, 0x000002746b98f440, 0x000002746b98cdc0,
0x000002746b98a740, 0x000002746b98c8f0, 0x000002746b98f910, 0x000002746b9902b0,
0x000002746b988a60, 0x000002746b98d290, 0x000002746b98b5b0, 0x000002746b98bf50,
0x000002746b990780, 0x000002746b990c50, 0x000002746b989400, 0x000002746b991120,
0x000002746b9915f0, 0x000002746b991ac0, 0x000002746b991f90, 0x000002746b992460,
0x000002746b992930, 0x000002746b995480, 0x000002746b9932d0, 0x000002746b993c70,
0x000002746b994610, 0x000002746b9962f0, 0x000002746b9937a0, 0x000002746b994140,
0x000002746b994ae0, 0x000002746b994fb0, 0x000002746b9967c0, 0x000002746dddecc0,
0x000002746dde1810, 0x000002746dde3e90, 0x000002746dde1ce0, 0x000002746dddf190,
0x000002746dde0e70, 0x0000027471695de0, 0x0000027471699590, 0x000002746dde1340,
0x000002746dde3020, 0x000002746dde34f0, 0x000002746dde39c0, 0x000002746dde4360,
0x000002746dddcb10, 0x000002746dde7d20, 0x000002746dde9060, 0x000002746dde7380,
0x000002746ddebbb0, 0x000002746ddea870, 0x000002746dde5b70, 0x000002746ddec080,
0x000002746dde8b90, 0x000002746ddead40, 0x000002746ddeb210, 0x000002746dde9530,
0x0000027471699aa0, 0x000002746dde7850, 0x000002746c6754f0, 0x000002746c676930,
0x000002747840a700, 0x0000027478407210, 0x0000027473e23820, 0x0000027473e25500,
0x0000027474efaaf0, 0x000002746c43dd60, 0x0000027476b0fcb0, 0x0000027476b0be20,
0x0000027476b0a610, 0x0000027476b08930, 0x0000027476b10650, 0x0000027476b0d630,
0x000002747608aed0, 0x000002747798f3f0, 0x0000027479196210, 0x000002747593a430,
0x0000027475939a90, 0x0000027473f0f180, 0x000002746ddaf0f0, 0x0000027476b0c7c0,
0x000002746ddb0430, 0x00000274766fb080, 0x0000027476e2e180, 0x0000027476b09c70,
0x000002747798f8c0, 0x00000274766fb550, 0x000002747c945530, 0x000002747c945a00
}

Java Threads: ( => current thread )
  0x000002744bf11a50 JavaThread "main" [_thread_blocked, id=23180, stack(0x000000eb94b00000,0x000000eb94c00000)]
  0x00000274690433c0 JavaThread "Reference Handler" daemon [_thread_blocked, id=26804, stack(0x000000eb95200000,0x000000eb95300000)]
  0x0000027469043f70 JavaThread "Finalizer" daemon [_thread_blocked, id=30252, stack(0x000000eb95300000,0x000000eb95400000)]
  0x00000274690884d0 JavaThread "Signal Dispatcher" daemon [_thread_blocked, id=26272, stack(0x000000eb95400000,0x000000eb95500000)]
  0x0000027469089080 JavaThread "Attach Listener" daemon [_thread_blocked, id=21052, stack(0x000000eb95500000,0x000000eb95600000)]
  0x000002746908bc40 JavaThread "Service Thread" daemon [_thread_blocked, id=31664, stack(0x000000eb95600000,0x000000eb95700000)]
  0x000002746908eb00 JavaThread "Monitor Deflation Thread" daemon [_thread_blocked, id=18572, stack(0x000000eb95700000,0x000000eb95800000)]
  0x000002746909b1b0 JavaThread "C2 CompilerThread0" daemon [_thread_blocked, id=27960, stack(0x000000eb95800000,0x000000eb95900000)]
  0x000002746909cc60 JavaThread "C1 CompilerThread0" daemon [_thread_blocked, id=13400, stack(0x000000eb95900000,0x000000eb95a00000)]
  0x000002746909d650 JavaThread "Sweeper thread" daemon [_thread_blocked, id=31264, stack(0x000000eb95a00000,0x000000eb95b00000)]
  0x0000027469231d60 JavaThread "Common-Cleaner" daemon [_thread_blocked, id=33460, stack(0x000000eb95d00000,0x000000eb95e00000)]
  0x0000027469234240 JavaThread "Notification Thread" daemon [_thread_blocked, id=31952, stack(0x000000eb95e00000,0x000000eb95f00000)]
  0x000002746a356ca0 JavaThread "Daemon health stats" [_thread_blocked, id=25216, stack(0x000000eb96700000,0x000000eb96800000)]
  0x000002746a357640 JavaThread "Incoming local TCP Connector on port 55508" [_thread_in_native, id=4512, stack(0x000000eb96000000,0x000000eb96100000)]
  0x000002746a357b10 JavaThread "Daemon periodic checks" [_thread_blocked, id=24080, stack(0x000000eb96100000,0x000000eb96200000)]
  0x000002746accfbb0 JavaThread "Cache worker for journal cache (C:\Users\SURAJ\.gradle\caches\journal-1)" [_thread_blocked, id=20900, stack(0x000000eb97a00000,0x000000eb97b00000)]
  0x000002746acd13c0 JavaThread "File lock request listener" [_thread_in_native, id=19400, stack(0x000000eb97b00000,0x000000eb97c00000)]
  0x000002746acd0ef0 JavaThread "Cache worker for file hash cache (C:\Users\SURAJ\.gradle\caches\8.0\fileHashes)" [_thread_blocked, id=27656, stack(0x000000eb97c00000,0x000000eb97d00000)]
  0x000002746accf210 JavaThread "File watcher server" daemon [_thread_blocked, id=29140, stack(0x000000eb98200000,0x000000eb98300000)]
  0x000002746acd0080 JavaThread "File watcher consumer" daemon [_thread_blocked, id=18876, stack(0x000000eb98300000,0x000000eb98400000)]
  0x000002746acced40 JavaThread "Cache worker for file content cache (C:\Users\SURAJ\.gradle\caches\8.0\fileContent)" [_thread_blocked, id=33440, stack(0x000000eb98600000,0x000000eb98700000)]
  0x000002746acd2700 JavaThread "Cache worker for execution history cache (C:\Users\SURAJ\.gradle\caches\8.0\executionHistory)" [_thread_blocked, id=10692, stack(0x000000eb98900000,0x000000eb98a00000)]
  0x000002746acd2bd0 JavaThread "jar transforms" [_thread_blocked, id=4760, stack(0x000000eb98a00000,0x000000eb98b00000)]
  0x000002746accbd20 JavaThread "jar transforms Thread 2" [_thread_blocked, id=29220, stack(0x000000eb98b00000,0x000000eb98c00000)]
  0x000002746e9bb2b0 JavaThread "jar transforms Thread 3" [_thread_blocked, id=7244, stack(0x000000eb99000000,0x000000eb99100000)]
  0x000002746e9bbc50 JavaThread "jar transforms Thread 4" [_thread_blocked, id=9704, stack(0x000000eb99100000,0x000000eb99200000)]
  0x000002746e9bd930 JavaThread "jar transforms Thread 5" [_thread_blocked, id=29992, stack(0x000000eb99300000,0x000000eb99400000)]
  0x000002746c43f570 JavaThread "jar transforms Thread 6" [_thread_blocked, id=26616, stack(0x000000eba2d00000,0x000000eba2e00000)]
  0x000002746c439ed0 JavaThread "jar transforms Thread 7" [_thread_blocked, id=23036, stack(0x000000eba2e00000,0x000000eba2f00000)]
  0x000002746c43bbb0 JavaThread "jar transforms Thread 8" [_thread_blocked, id=6664, stack(0x000000eba2f00000,0x000000eba3000000)]
  0x000002746c43a3a0 JavaThread "jar transforms Thread 9" [_thread_blocked, id=28868, stack(0x000000eba3000000,0x000000eba3100000)]
  0x000002746c43e700 JavaThread "jar transforms Thread 10" [_thread_blocked, id=26856, stack(0x000000eba3100000,0x000000eba3200000)]
  0x000002746c43fa40 JavaThread "jar transforms Thread 11" [_thread_blocked, id=32144, stack(0x000000eba3200000,0x000000eba3300000)]
  0x000002746c43ff10 JavaThread "jar transforms Thread 12" [_thread_blocked, id=5988, stack(0x000000eba3300000,0x000000eba3400000)]
  0x000002746c43a870 JavaThread "jar transforms Thread 13" [_thread_blocked, id=24404, stack(0x000000eba3400000,0x000000eba3500000)]
  0x000002746c43cef0 JavaThread "jar transforms Thread 14" [_thread_blocked, id=12096, stack(0x000000eba3500000,0x000000eba3600000)]
  0x000002746c43d3c0 JavaThread "jar transforms Thread 15" [_thread_blocked, id=16068, stack(0x000000eba3600000,0x000000eba3700000)]
  0x000002746c43d890 JavaThread "jar transforms Thread 16" [_thread_blocked, id=32552, stack(0x000000eba3700000,0x000000eba3800000)]
  0x000002746c43ca20 JavaThread "Memory manager" [_thread_blocked, id=16372, stack(0x000000eb9ee00000,0x000000eb9ef00000)]
  0x0000027474ef8940 JavaThread "RMI Scheduler(0)" daemon [_thread_blocked, id=25144, stack(0x000000eb95c00000,0x000000eb95d00000)]
  0x0000027474ef6c60 JavaThread "RMI GC Daemon" daemon [_thread_blocked, id=27200, stack(0x000000eb96c00000,0x000000eb96d00000)]
  0x0000027474ef5920 JavaThread "RMI TCP Accept-0" daemon [_thread_in_native, id=15700, stack(0x000000eb9bf00000,0x000000eb9c000000)]
  0x0000027474efafc0 JavaThread "RMI Reaper" [_thread_blocked, id=23712, stack(0x000000eba3800000,0x000000eba3900000)]
  0x0000027473e1b160 JavaThread "Daemon Thread 2" [_thread_blocked, id=25740, stack(0x000000eb94800000,0x000000eb94900000)]
  0x0000027473e177a0 JavaThread "Handler for socket connection from /127.0.0.1:55508 to /127.0.0.1:55668" [_thread_in_native, id=32092, stack(0x000000eb94900000,0x000000eb94a00000)]
  0x0000027473e1c4a0 JavaThread "Cancel handler" [_thread_blocked, id=19796, stack(0x000000eb94a00000,0x000000eb94b00000)]
  0x0000027473e18fb0 JavaThread "Daemon worker Thread 2" [_thread_blocked, id=19876, stack(0x000000eb95b00000,0x000000eb95c00000)]
  0x0000027473e1bfd0 JavaThread "Asynchronous log dispatcher for DefaultDaemonConnection: socket connection from /127.0.0.1:55508 to /127.0.0.1:55668" [_thread_blocked, id=16940, stack(0x000000eb96600000,0x000000eb96700000)]
  0x0000027473e1bb00 JavaThread "Stdin handler" [_thread_blocked, id=26128, stack(0x000000eb96800000,0x000000eb96900000)]
  0x0000027473e18140 JavaThread "Daemon client event forwarder" [_thread_blocked, id=31548, stack(0x000000eb96900000,0x000000eb96a00000)]
  0x0000027473e16930 JavaThread "Cache worker for checksums cache (C:\Users\SURAJ\AndroidStudioProjects\Frisbee\.gradle\8.0\checksums)" [_thread_blocked, id=14604, stack(0x000000eb96d00000,0x000000eb96e00000)]
  0x0000027473e1a7c0 JavaThread "Cache worker for cache directory md-rule (C:\Users\SURAJ\.gradle\caches\8.0\md-rule)" [_thread_blocked, id=27772, stack(0x000000eb96e00000,0x000000eb96f00000)]
  0x0000027473e17c70 JavaThread "Cache worker for file hash cache (C:\Users\SURAJ\AndroidStudioProjects\Frisbee\.gradle\8.0\fileHashes)" [_thread_blocked, id=30172, stack(0x000000eb96f00000,0x000000eb97000000)]
  0x0000027473e18610 JavaThread "Cache worker for cache directory md-supplier (C:\Users\SURAJ\.gradle\caches\8.0\md-supplier)" [_thread_blocked, id=15572, stack(0x000000eb98100000,0x000000eb98200000)]
  0x0000027473e15f90 JavaThread "Cache worker for dependencies-accessors (C:\Users\SURAJ\AndroidStudioProjects\Frisbee\.gradle\8.0\dependencies-accessors)" [_thread_blocked, id=15976, stack(0x000000eb98800000,0x000000eb98900000)]
  0x0000027473e1d310 JavaThread "Cache worker for Build Output Cleanup Cache (C:\Users\SURAJ\AndroidStudioProjects\Frisbee\.gradle\buildOutputCleanup)" [_thread_blocked, id=28620, stack(0x000000eb98d00000,0x000000eb98e00000)]
  0x0000027473e1d7e0 JavaThread "Unconstrained build operations" [_thread_blocked, id=23472, stack(0x000000eb98f00000,0x000000eb99000000)]
  0x0000027473e18ae0 JavaThread "Unconstrained build operations Thread 2" [_thread_blocked, id=27644, stack(0x000000eb99200000,0x000000eb99300000)]
  0x0000027473e1c970 JavaThread "Unconstrained build operations Thread 3" [_thread_blocked, id=20644, stack(0x000000eb99400000,0x000000eb99500000)]
  0x0000027473e19480 JavaThread "Unconstrained build operations Thread 4" [_thread_blocked, id=21592, stack(0x000000eb99600000,0x000000eb99700000)]
  0x0000027473e16e00 JavaThread "Unconstrained build operations Thread 5" [_thread_blocked, id=20380, stack(0x000000eb99700000,0x000000eb99800000)]
  0x0000027473e19950 JavaThread "Unconstrained build operations Thread 6" [_thread_blocked, id=11224, stack(0x000000eb99800000,0x000000eb99900000)]
  0x0000027473e19e20 JavaThread "Unconstrained build operations Thread 7" [_thread_blocked, id=16240, stack(0x000000eb99900000,0x000000eb99a00000)]
  0x0000027473e1ce40 JavaThread "Unconstrained build operations Thread 8" [_thread_blocked, id=12788, stack(0x000000eb99a00000,0x000000eb99b00000)]
  0x0000027473e1a2f0 JavaThread "Unconstrained build operations Thread 9" [_thread_blocked, id=17504, stack(0x000000eb99b00000,0x000000eb99c00000)]
  0x0000027473e1b630 JavaThread "Unconstrained build operations Thread 10" [_thread_blocked, id=31188, stack(0x000000eb99c00000,0x000000eb99d00000)]
  0x0000027473e1dcb0 JavaThread "Unconstrained build operations Thread 11" [_thread_blocked, id=26852, stack(0x000000eb99d00000,0x000000eb99e00000)]
  0x0000027473e1e180 JavaThread "Unconstrained build operations Thread 12" [_thread_blocked, id=15948, stack(0x000000eb99e00000,0x000000eb99f00000)]
  0x0000027473e1e650 JavaThread "Unconstrained build operations Thread 13" [_thread_blocked, id=31592, stack(0x000000eb99f00000,0x000000eb9a000000)]
  0x0000027473e1eb20 JavaThread "Unconstrained build operations Thread 14" [_thread_blocked, id=5852, stack(0x000000eb9a000000,0x000000eb9a100000)]
  0x0000027473e172d0 JavaThread "Unconstrained build operations Thread 15" [_thread_blocked, id=20984, stack(0x000000eb9a100000,0x000000eb9a200000)]
  0x0000027473e21670 JavaThread "Unconstrained build operations Thread 16" [_thread_blocked, id=6528, stack(0x000000eb9a200000,0x000000eb9a300000)]
  0x0000027473e22010 JavaThread "Unconstrained build operations Thread 17" [_thread_blocked, id=32920, stack(0x000000eb9a300000,0x000000eb9a400000)]
  0x0000027473e1eff0 JavaThread "Unconstrained build operations Thread 18" [_thread_blocked, id=21944, stack(0x000000eb9a400000,0x000000eb9a500000)]
  0x0000027473e1f4c0 JavaThread "Unconstrained build operations Thread 19" [_thread_blocked, id=24408, stack(0x000000eb9a500000,0x000000eb9a600000)]
  0x0000027473e1f990 JavaThread "Unconstrained build operations Thread 20" [_thread_blocked, id=1732, stack(0x000000eb9a600000,0x000000eb9a700000)]
  0x0000027473e20800 JavaThread "Unconstrained build operations Thread 21" [_thread_blocked, id=5936, stack(0x000000eb9a700000,0x000000eb9a800000)]
  0x0000027473e1fe60 JavaThread "Unconstrained build operations Thread 22" [_thread_blocked, id=13144, stack(0x000000eb9a800000,0x000000eb9a900000)]
  0x0000027473e20330 JavaThread "Unconstrained build operations Thread 23" [_thread_blocked, id=25636, stack(0x000000eb9a900000,0x000000eb9aa00000)]
  0x0000027473e20cd0 JavaThread "Unconstrained build operations Thread 24" [_thread_blocked, id=23528, stack(0x000000eb9aa00000,0x000000eb9ab00000)]
  0x0000027473e211a0 JavaThread "Unconstrained build operations Thread 25" [_thread_blocked, id=28300, stack(0x000000eb9ab00000,0x000000eb9ac00000)]
  0x0000027473e21b40 JavaThread "Unconstrained build operations Thread 26" [_thread_blocked, id=10216, stack(0x000000eb9ac00000,0x000000eb9ad00000)]
  0x0000027473e229b0 JavaThread "Unconstrained build operations Thread 27" [_thread_blocked, id=21640, stack(0x000000eb9ad00000,0x000000eb9ae00000)]
  0x0000027473e22e80 JavaThread "Unconstrained build operations Thread 28" [_thread_blocked, id=27016, stack(0x000000eb9ae00000,0x000000eb9af00000)]
  0x00000274784063a0 JavaThread "Unconstrained build operations Thread 29" [_thread_blocked, id=31128, stack(0x000000eb9af00000,0x000000eb9b000000)]
  0x0000027478405060 JavaThread "Unconstrained build operations Thread 30" [_thread_blocked, id=11344, stack(0x000000eb9b000000,0x000000eb9b100000)]
  0x00000274784076e0 JavaThread "Unconstrained build operations Thread 31" [_thread_blocked, id=21980, stack(0x000000eb9b100000,0x000000eb9b200000)]
  0x0000027478406870 JavaThread "Unconstrained build operations Thread 32" [_thread_blocked, id=30320, stack(0x000000eb9b200000,0x000000eb9b300000)]
  0x000002747840dbf0 JavaThread "Unconstrained build operations Thread 33" [_thread_blocked, id=19560, stack(0x000000eb9b300000,0x000000eb9b400000)]
  0x000002747840abd0 JavaThread "Unconstrained build operations Thread 34" [_thread_blocked, id=33176, stack(0x000000eb9b400000,0x000000eb9b500000)]
  0x0000027478408ef0 JavaThread "Unconstrained build operations Thread 35" [_thread_blocked, id=10480, stack(0x000000eb9b500000,0x000000eb9b600000)]
  0x000002747840cd80 JavaThread "Unconstrained build operations Thread 36" [_thread_blocked, id=16912, stack(0x000000eb9b600000,0x000000eb9b700000)]
  0x000002747840d250 JavaThread "Unconstrained build operations Thread 37" [_thread_blocked, id=17524, stack(0x000000eb9b700000,0x000000eb9b800000)]
  0x0000027478407bb0 JavaThread "Unconstrained build operations Thread 38" [_thread_blocked, id=31536, stack(0x000000eb9b800000,0x000000eb9b900000)]
  0x000002747840b0a0 JavaThread "Unconstrained build operations Thread 39" [_thread_blocked, id=13044, stack(0x000000eb9b900000,0x000000eb9ba00000)]
  0x000002747840e0c0 JavaThread "Unconstrained build operations Thread 40" [_thread_blocked, id=5124, stack(0x000000eb9ba00000,0x000000eb9bb00000)]
  0x000002747840ef30 JavaThread "Unconstrained build operations Thread 41" [_thread_blocked, id=18056, stack(0x000000eb9bb00000,0x000000eb9bc00000)]
  0x000002747840e590 JavaThread "Unconstrained build operations Thread 42" [_thread_blocked, id=3664, stack(0x000000eb9bc00000,0x000000eb9bd00000)]
  0x0000027478408080 JavaThread "Unconstrained build operations Thread 43" [_thread_blocked, id=29956, stack(0x000000eb9bd00000,0x000000eb9be00000)]
  0x000002747840ea60 JavaThread "Unconstrained build operations Thread 44" [_thread_blocked, id=18584, stack(0x000000eb9be00000,0x000000eb9bf00000)]
  0x000002747840f400 JavaThread "Unconstrained build operations Thread 45" [_thread_blocked, id=2972, stack(0x000000eb9c000000,0x000000eb9c100000)]
  0x000002747840f8d0 JavaThread "Unconstrained build operations Thread 46" [_thread_blocked, id=19204, stack(0x000000eb9c100000,0x000000eb9c200000)]
  0x000002747840fda0 JavaThread "Unconstrained build operations Thread 47" [_thread_blocked, id=14892, stack(0x000000eb9c200000,0x000000eb9c300000)]
  0x0000027478408550 JavaThread "Unconstrained build operations Thread 48" [_thread_blocked, id=30020, stack(0x000000eb9c300000,0x000000eb9c400000)]
  0x0000027478410270 JavaThread "Unconstrained build operations Thread 49" [_thread_blocked, id=18268, stack(0x000000eb9c400000,0x000000eb9c500000)]
  0x0000027478410740 JavaThread "Unconstrained build operations Thread 50" [_thread_blocked, id=22180, stack(0x000000eb9c500000,0x000000eb9c600000)]
  0x00000274784145d0 JavaThread "Unconstrained build operations Thread 51" [_thread_blocked, id=20784, stack(0x000000eb9c600000,0x000000eb9c700000)]
  0x0000027478410c10 JavaThread "Unconstrained build operations Thread 52" [_thread_blocked, id=18232, stack(0x000000eb9c700000,0x000000eb9c800000)]
  0x0000027478413290 JavaThread "Unconstrained build operations Thread 53" [_thread_blocked, id=21536, stack(0x000000eb9c800000,0x000000eb9c900000)]
  0x00000274784110e0 JavaThread "Unconstrained build operations Thread 54" [_thread_blocked, id=17780, stack(0x000000eb9c900000,0x000000eb9ca00000)]
  0x00000274784115b0 JavaThread "Unconstrained build operations Thread 55" [_thread_blocked, id=10012, stack(0x000000eb9ca00000,0x000000eb9cb00000)]
  0x0000027478413c30 JavaThread "Unconstrained build operations Thread 56" [_thread_blocked, id=20344, stack(0x000000eb9cb00000,0x000000eb9cc00000)]
  0x0000027478411a80 JavaThread "Unconstrained build operations Thread 57" [_thread_blocked, id=17388, stack(0x000000eb9cc00000,0x000000eb9cd00000)]
  0x0000027478411f50 JavaThread "Unconstrained build operations Thread 58" [_thread_blocked, id=25016, stack(0x000000eb9cd00000,0x000000eb9ce00000)]
  0x0000027478412420 JavaThread "Unconstrained build operations Thread 59" [_thread_blocked, id=11596, stack(0x000000eb9ce00000,0x000000eb9cf00000)]
  0x00000274784128f0 JavaThread "Unconstrained build operations Thread 60" [_thread_blocked, id=12828, stack(0x000000eb9cf00000,0x000000eb9d000000)]
  0x0000027478412dc0 JavaThread "Unconstrained build operations Thread 61" [_thread_blocked, id=22564, stack(0x000000eb9d000000,0x000000eb9d100000)]
  0x0000027478414aa0 JavaThread "Unconstrained build operations Thread 62" [_thread_blocked, id=32748, stack(0x000000eb9d100000,0x000000eb9d200000)]
  0x0000027478413760 JavaThread "Unconstrained build operations Thread 63" [_thread_blocked, id=32168, stack(0x000000eb9d200000,0x000000eb9d300000)]
  0x0000027478414100 JavaThread "Unconstrained build operations Thread 64" [_thread_blocked, id=12392, stack(0x000000eb9d300000,0x000000eb9d400000)]
  0x00000274763577e0 JavaThread "Unconstrained build operations Thread 65" [_thread_blocked, id=33648, stack(0x000000eb9d400000,0x000000eb9d500000)]
  0x0000027476355fd0 JavaThread "Unconstrained build operations Thread 66" [_thread_blocked, id=22724, stack(0x000000eb9d500000,0x000000eb9d600000)]
  0x0000027476359990 JavaThread "Unconstrained build operations Thread 67" [_thread_blocked, id=28184, stack(0x000000eb9d600000,0x000000eb9d700000)]
  0x0000027476359e60 JavaThread "Unconstrained build operations Thread 68" [_thread_blocked, id=20144, stack(0x000000eb9d700000,0x000000eb9d800000)]
  0x0000027476358b20 JavaThread "Unconstrained build operations Thread 69" [_thread_blocked, id=21736, stack(0x000000eb9d800000,0x000000eb9d900000)]
  0x0000027476357cb0 JavaThread "Unconstrained build operations Thread 70" [_thread_blocked, id=21652, stack(0x000000eb9d900000,0x000000eb9da00000)]
  0x0000027476355630 JavaThread "Unconstrained build operations Thread 71" [_thread_blocked, id=20328, stack(0x000000eb9da00000,0x000000eb9db00000)]
  0x00000274763564a0 JavaThread "Unconstrained build operations Thread 72" [_thread_blocked, id=24168, stack(0x000000eb9db00000,0x000000eb9dc00000)]
  0x00000274763547c0 JavaThread "Unconstrained build operations Thread 73" [_thread_blocked, id=4384, stack(0x000000eb9dc00000,0x000000eb9dd00000)]
  0x000002747635a330 JavaThread "Unconstrained build operations Thread 74" [_thread_blocked, id=22620, stack(0x000000eb9dd00000,0x000000eb9de00000)]
  0x00000274763542f0 JavaThread "Unconstrained build operations Thread 75" [_thread_blocked, id=13040, stack(0x000000eb9de00000,0x000000eb9df00000)]
  0x0000027476356970 JavaThread "Unconstrained build operations Thread 76" [_thread_blocked, id=9108, stack(0x000000eb9df00000,0x000000eb9e000000)]
  0x0000027476358180 JavaThread "Unconstrained build operations Thread 77" [_thread_blocked, id=31756, stack(0x000000eb9e000000,0x000000eb9e100000)]
  0x0000027476353e20 JavaThread "Unconstrained build operations Thread 78" [_thread_blocked, id=28936, stack(0x000000eb9e100000,0x000000eb9e200000)]
  0x0000027476354c90 JavaThread "Unconstrained build operations Thread 79" [_thread_blocked, id=25488, stack(0x000000eb9e200000,0x000000eb9e300000)]
  0x0000027476352ae0 JavaThread "Unconstrained build operations Thread 80" [_thread_blocked, id=7312, stack(0x000000eb9e300000,0x000000eb9e400000)]
  0x0000027476357310 JavaThread "Unconstrained build operations Thread 81" [_thread_blocked, id=16944, stack(0x000000eb9e400000,0x000000eb9e500000)]
  0x0000027476352fb0 JavaThread "Unconstrained build operations Thread 82" [_thread_blocked, id=27632, stack(0x000000eb9e500000,0x000000eb9e600000)]
  0x0000027476353480 JavaThread "Unconstrained build operations Thread 83" [_thread_blocked, id=7336, stack(0x000000eb9e600000,0x000000eb9e700000)]
  0x0000027476355160 JavaThread "Unconstrained build operations Thread 84" [_thread_blocked, id=12644, stack(0x000000eb9e700000,0x000000eb9e800000)]
  0x0000027476353950 JavaThread "Unconstrained build operations Thread 85" [_thread_blocked, id=19080, stack(0x000000eb9e800000,0x000000eb9e900000)]
  0x000002746e9bcac0 JavaThread "Unconstrained build operations Thread 86" [_thread_blocked, id=18352, stack(0x000000eb9e900000,0x000000eb9ea00000)]
  0x000002746e9b8760 JavaThread "Unconstrained build operations Thread 87" [_thread_blocked, id=18332, stack(0x000000eb9ea00000,0x000000eb9eb00000)]
  0x000002746e9b8c30 JavaThread "Unconstrained build operations Thread 88" [_thread_blocked, id=18480, stack(0x000000eb9eb00000,0x000000eb9ec00000)]
  0x000002746e9b7dc0 JavaThread "Unconstrained build operations Thread 89" [_thread_blocked, id=9188, stack(0x000000eb9ec00000,0x000000eb9ed00000)]
  0x000002746e9bde00 JavaThread "Unconstrained build operations Thread 90" [_thread_blocked, id=23172, stack(0x000000eb9ed00000,0x000000eb9ee00000)]
  0x000002746e9b9f70 JavaThread "Unconstrained build operations Thread 91" [_thread_blocked, id=15120, stack(0x000000eb9ef00000,0x000000eb9f000000)]
  0x000002746e9bc120 JavaThread "Unconstrained build operations Thread 92" [_thread_blocked, id=22432, stack(0x000000eb9f000000,0x000000eb9f100000)]
  0x000002746e9bb780 JavaThread "Unconstrained build operations Thread 93" [_thread_blocked, id=12552, stack(0x000000eb9f100000,0x000000eb9f200000)]
  0x000002746e9bec70 JavaThread "Unconstrained build operations Thread 94" [_thread_blocked, id=33692, stack(0x000000eb9f200000,0x000000eb9f300000)]
  0x000002746e9be2d0 JavaThread "Unconstrained build operations Thread 95" [_thread_blocked, id=7696, stack(0x000000eb9f300000,0x000000eb9f400000)]
  0x000002746e9bc5f0 JavaThread "Unconstrained build operations Thread 96" [_thread_blocked, id=19920, stack(0x000000eb9f400000,0x000000eb9f500000)]
  0x000002746e9ba440 JavaThread "Unconstrained build operations Thread 97" [_thread_blocked, id=20520, stack(0x000000eb9f500000,0x000000eb9f600000)]
  0x000002746e9bade0 JavaThread "Unconstrained build operations Thread 98" [_thread_blocked, id=27296, stack(0x000000eb9f600000,0x000000eb9f700000)]
  0x000002746e9be7a0 JavaThread "Unconstrained build operations Thread 99" [_thread_blocked, id=23400, stack(0x000000eb9f700000,0x000000eb9f800000)]
  0x000002746e9ba910 JavaThread "Unconstrained build operations Thread 100" [_thread_blocked, id=31992, stack(0x000000eb9f800000,0x000000eb9f900000)]
  0x000002746e9bcf90 JavaThread "Unconstrained build operations Thread 101" [_thread_blocked, id=22140, stack(0x000000eb9f900000,0x000000eb9fa00000)]
  0x000002746e9b95d0 JavaThread "Unconstrained build operations Thread 102" [_thread_blocked, id=17304, stack(0x000000eb9fa00000,0x000000eb9fb00000)]
  0x000002746e9bf140 JavaThread "Unconstrained build operations Thread 103" [_thread_blocked, id=8680, stack(0x000000eb9fb00000,0x000000eb9fc00000)]
  0x000002746e9bf610 JavaThread "Unconstrained build operations Thread 104" [_thread_blocked, id=2932, stack(0x000000eb9fc00000,0x000000eb9fd00000)]
  0x000002746e9b9aa0 JavaThread "Unconstrained build operations Thread 105" [_thread_blocked, id=1120, stack(0x000000eb9fd00000,0x000000eb9fe00000)]
  0x000002746accda00 JavaThread "Unconstrained build operations Thread 106" [_thread_blocked, id=5100, stack(0x000000eb9fe00000,0x000000eb9ff00000)]
  0x000002746accf6e0 JavaThread "Unconstrained build operations Thread 107" [_thread_blocked, id=8992, stack(0x000000eb9ff00000,0x000000eba0000000)]
  0x000002746acd0550 JavaThread "Unconstrained build operations Thread 108" [_thread_blocked, id=1820, stack(0x000000eba0000000,0x000000eba0100000)]
  0x000002746acd0a20 JavaThread "Unconstrained build operations Thread 109" [_thread_blocked, id=21588, stack(0x000000eba0100000,0x000000eba0200000)]
  0x000002746accd530 JavaThread "Unconstrained build operations Thread 110" [_thread_blocked, id=15208, stack(0x000000eba0200000,0x000000eba0300000)]
  0x000002746acd30a0 JavaThread "Unconstrained build operations Thread 111" [_thread_blocked, id=9624, stack(0x000000eba0300000,0x000000eba0400000)]
  0x000002746accded0 JavaThread "Unconstrained build operations Thread 112" [_thread_blocked, id=4056, stack(0x000000eba0400000,0x000000eba0500000)]
  0x000002746acd3570 JavaThread "Unconstrained build operations Thread 113" [_thread_blocked, id=13476, stack(0x000000eba0500000,0x000000eba0600000)]
  0x000002746acd1890 JavaThread "Unconstrained build operations Thread 114" [_thread_blocked, id=9172, stack(0x000000eba0600000,0x000000eba0700000)]
  0x000002746acd1d60 JavaThread "Unconstrained build operations Thread 115" [_thread_blocked, id=13504, stack(0x000000eba0700000,0x000000eba0800000)]
  0x0000027474ef8e10 JavaThread "Unconstrained build operations Thread 116" [_thread_blocked, id=3968, stack(0x000000eba0800000,0x000000eba0900000)]
  0x0000027474ef9c80 JavaThread "Unconstrained build operations Thread 117" [_thread_blocked, id=13756, stack(0x000000eba0900000,0x000000eba0a00000)]
  0x0000027474ef92e0 JavaThread "Unconstrained build operations Thread 118" [_thread_blocked, id=24512, stack(0x000000eba0a00000,0x000000eba0b00000)]
  0x0000027474efb490 JavaThread "Unconstrained build operations Thread 119" [_thread_blocked, id=10092, stack(0x000000eba0b00000,0x000000eba0c00000)]
  0x0000027474efb960 JavaThread "Unconstrained build operations Thread 120" [_thread_blocked, id=27480, stack(0x000000eba0c00000,0x000000eba0d00000)]
  0x0000027474ef62c0 JavaThread "Unconstrained build operations Thread 121" [_thread_blocked, id=2228, stack(0x000000eba0d00000,0x000000eba0e00000)]
  0x000002746c43ad40 JavaThread "Unconstrained build operations Thread 122" [_thread_blocked, id=23668, stack(0x000000eba0e00000,0x000000eba0f00000)]
  0x000002746c4403e0 JavaThread "Unconstrained build operations Thread 123" [_thread_blocked, id=30112, stack(0x000000eba0f00000,0x000000eba1000000)]
  0x000002746c439060 JavaThread "Unconstrained build operations Thread 124" [_thread_blocked, id=6480, stack(0x000000eba1000000,0x000000eba1100000)]
  0x000002746c439530 JavaThread "Unconstrained build operations Thread 125" [_thread_blocked, id=25172, stack(0x000000eba1100000,0x000000eba1200000)]
  0x000002746c43c080 JavaThread "Unconstrained build operations Thread 126" [_thread_blocked, id=15800, stack(0x000000eba1200000,0x000000eba1300000)]
  0x000002746a357fe0 JavaThread "Unconstrained build operations Thread 127" [_thread_blocked, id=20156, stack(0x000000eba1300000,0x000000eba1400000)]
  0x000002746a357170 JavaThread "Unconstrained build operations Thread 128" [_thread_blocked, id=10916, stack(0x000000eba1400000,0x000000eba1500000)]
  0x000002746a3567d0 JavaThread "Unconstrained build operations Thread 129" [_thread_blocked, id=26328, stack(0x000000eba1500000,0x000000eba1600000)]
  0x0000027476356e40 JavaThread "Unconstrained build operations Thread 130" [_thread_blocked, id=13928, stack(0x000000eba1600000,0x000000eba1700000)]
  0x000002746b98ac10 JavaThread "Unconstrained build operations Thread 131" [_thread_blocked, id=23796, stack(0x000000eba1700000,0x000000eba1800000)]
  0x000002746b98dc30 JavaThread "Unconstrained build operations Thread 132" [_thread_blocked, id=17592, stack(0x000000eba1800000,0x000000eba1900000)]
  0x000002746b98e100 JavaThread "Unconstrained build operations Thread 133" [_thread_blocked, id=8120, stack(0x000000eba1900000,0x000000eba1a00000)]
  0x000002746b98e5d0 JavaThread "Unconstrained build operations Thread 134" [_thread_blocked, id=30032, stack(0x000000eba1a00000,0x000000eba1b00000)]
  0x000002746b9880c0 JavaThread "Unconstrained build operations Thread 135" [_thread_blocked, id=17016, stack(0x000000eba1b00000,0x000000eba1c00000)]
  0x000002746b986d80 JavaThread "Unconstrained build operations Thread 136" [_thread_blocked, id=32856, stack(0x000000eba1c00000,0x000000eba1d00000)]
  0x000002746b98a270 JavaThread "Unconstrained build operations Thread 137" [_thread_blocked, id=28168, stack(0x000000eba1d00000,0x000000eba1e00000)]
  0x000002746b98eaa0 JavaThread "Unconstrained build operations Thread 138" [_thread_blocked, id=19824, stack(0x000000eba1e00000,0x000000eba1f00000)]
  0x000002746b98d760 JavaThread "Unconstrained build operations Thread 139" [_thread_blocked, id=27492, stack(0x000000eba1f00000,0x000000eba2000000)]
  0x000002746b9898d0 JavaThread "Unconstrained build operations Thread 140" [_thread_blocked, id=11816, stack(0x000000eba2000000,0x000000eba2100000)]
  0x000002746b98ba80 JavaThread "Unconstrained build operations Thread 141" [_thread_blocked, id=15440, stack(0x000000eba2100000,0x000000eba2200000)]
  0x000002746b987250 JavaThread "Unconstrained build operations Thread 142" [_thread_blocked, id=13792, stack(0x000000eba2200000,0x000000eba2300000)]
  0x000002746b987bf0 JavaThread "Unconstrained build operations Thread 143" [_thread_blocked, id=32104, stack(0x000000eba2300000,0x000000eba2400000)]
  0x000002746b988590 JavaThread "Unconstrained build operations Thread 144" [_thread_blocked, id=16788, stack(0x000000eba2400000,0x000000eba2500000)]
  0x000002746b988f30 JavaThread "Unconstrained build operations Thread 145" [_thread_blocked, id=33528, stack(0x000000eba2500000,0x000000eba2600000)]
  0x000002746b987720 JavaThread "Unconstrained build operations Thread 146" [_thread_blocked, id=24372, stack(0x000000eba2600000,0x000000eba2700000)]
  0x000002746b98c420 JavaThread "Unconstrained build operations Thread 147" [_thread_blocked, id=25360, stack(0x000000eba2700000,0x000000eba2800000)]
  0x000002746b98ef70 JavaThread "Unconstrained build operations Thread 148" [_thread_blocked, id=24476, stack(0x000000eba2800000,0x000000eba2900000)]
  0x000002746b989da0 JavaThread "Unconstrained build operations Thread 149" [_thread_blocked, id=26728, stack(0x000000eba2900000,0x000000eba2a00000)]
  0x000002746b98fde0 JavaThread "Unconstrained build operations Thread 150" [_thread_blocked, id=23132, stack(0x000000eba2a00000,0x000000eba2b00000)]
  0x000002746b98f440 JavaThread "Unconstrained build operations Thread 151" [_thread_blocked, id=16964, stack(0x000000eba2b00000,0x000000eba2c00000)]
  0x000002746b98cdc0 JavaThread "Unconstrained build operations Thread 152" [_thread_blocked, id=26700, stack(0x000000eba2c00000,0x000000eba2d00000)]
  0x000002746b98a740 JavaThread "build event listener" [_thread_blocked, id=22568, stack(0x000000eba3900000,0x000000eba3a00000)]
  0x000002746b98c8f0 JavaThread "included builds" [_thread_blocked, id=25272, stack(0x000000eba3a00000,0x000000eba3b00000)]
  0x000002746b98f910 JavaThread "Execution worker" [_thread_blocked, id=33496, stack(0x000000eba3b00000,0x000000eba3c00000)]
  0x000002746b9902b0 JavaThread "Execution worker Thread 2" [_thread_blocked, id=30588, stack(0x000000eba3c00000,0x000000eba3d00000)]
  0x000002746b988a60 JavaThread "Execution worker Thread 3" [_thread_blocked, id=21216, stack(0x000000eba3d00000,0x000000eba3e00000)]
  0x000002746b98d290 JavaThread "Execution worker Thread 4" [_thread_blocked, id=16072, stack(0x000000eba3e00000,0x000000eba3f00000)]
  0x000002746b98b5b0 JavaThread "Execution worker Thread 5" [_thread_blocked, id=17260, stack(0x000000eba3f00000,0x000000eba4000000)]
  0x000002746b98bf50 JavaThread "Cache worker for execution history cache (C:\Users\SURAJ\AndroidStudioProjects\Frisbee\.gradle\8.0\executionHistory)" [_thread_blocked, id=31120, stack(0x000000eba4000000,0x000000eba4100000)]
  0x000002746b990780 JavaThread "Execution worker Thread 6" [_thread_blocked, id=24792, stack(0x000000eba4100000,0x000000eba4200000)]
  0x000002746b990c50 JavaThread "Execution worker Thread 7" [_thread_blocked, id=30312, stack(0x000000eba4200000,0x000000eba4300000)]
  0x000002746b989400 JavaThread "Execution worker Thread 8" [_thread_blocked, id=24180, stack(0x000000eba4300000,0x000000eba4400000)]
  0x000002746b991120 JavaThread "Execution worker Thread 9" [_thread_blocked, id=12168, stack(0x000000eba4400000,0x000000eba4500000)]
  0x000002746b9915f0 JavaThread "Execution worker Thread 10" [_thread_blocked, id=21068, stack(0x000000eba4500000,0x000000eba4600000)]
  0x000002746b991ac0 JavaThread "Execution worker Thread 11" [_thread_blocked, id=28416, stack(0x000000eba4600000,0x000000eba4700000)]
  0x000002746b991f90 JavaThread "Execution worker Thread 12" [_thread_blocked, id=11540, stack(0x000000eba4700000,0x000000eba4800000)]
  0x000002746b992460 JavaThread "Execution worker Thread 13" [_thread_blocked, id=10472, stack(0x000000eba4a00000,0x000000eba4b00000)]
  0x000002746b992930 JavaThread "Execution worker Thread 14" [_thread_blocked, id=16104, stack(0x000000eba4b00000,0x000000eba4c00000)]
  0x000002746b995480 JavaThread "Execution worker Thread 15" [_thread_blocked, id=33572, stack(0x000000eba4c00000,0x000000eba4d00000)]
  0x000002746b9932d0 JavaThread "Unconstrained build operations Thread 153" [_thread_blocked, id=29544, stack(0x000000eba4d00000,0x000000eba4e00000)]
  0x000002746b993c70 JavaThread "Unconstrained build operations Thread 154" [_thread_blocked, id=29984, stack(0x000000eba4e00000,0x000000eba4f00000)]
  0x000002746b994610 JavaThread "Unconstrained build operations Thread 155" [_thread_blocked, id=12796, stack(0x000000eba4f00000,0x000000eba5000000)]
  0x000002746b9962f0 JavaThread "Unconstrained build operations Thread 156" [_thread_blocked, id=13560, stack(0x000000eba5000000,0x000000eba5100000)]
  0x000002746b9937a0 JavaThread "Unconstrained build operations Thread 157" [_thread_blocked, id=21040, stack(0x000000eba5100000,0x000000eba5200000)]
  0x000002746b994140 JavaThread "Unconstrained build operations Thread 158" [_thread_blocked, id=12272, stack(0x000000eba5200000,0x000000eba5300000)]
  0x000002746b994ae0 JavaThread "Unconstrained build operations Thread 159" [_thread_blocked, id=26344, stack(0x000000eba5300000,0x000000eba5400000)]
  0x000002746b994fb0 JavaThread "Unconstrained build operations Thread 160" [_thread_blocked, id=1904, stack(0x000000eba5400000,0x000000eba5500000)]
  0x000002746b9967c0 JavaThread "WorkerExecutor Queue" [_thread_blocked, id=17756, stack(0x000000eb96a00000,0x000000eb96b00000)]
  0x000002746dddecc0 JavaThread "RMI TCP Connection(7)-127.0.0.1" daemon [_thread_in_native, id=30244, stack(0x000000eba5700000,0x000000eba5800000)]
  0x000002746dde1810 JavaThread "RMI TCP Connection(idle)" daemon [_thread_blocked, id=21360, stack(0x000000eba5b00000,0x000000eba5c00000)]
  0x000002746dde3e90 JavaThread "RMI TCP Connection(idle)" daemon [_thread_blocked, id=15384, stack(0x000000eba5c00000,0x000000eba5d00000)]
  0x000002746dde1ce0 JavaThread "WorkerExecutor Queue Thread 2" [_thread_blocked, id=33080, stack(0x000000eb98c00000,0x000000eb98d00000)]
  0x000002746dddf190 JavaThread "WorkerExecutor Queue Thread 3" [_thread_blocked, id=12056, stack(0x000000eb98500000,0x000000eb98600000)]
  0x000002746dde0e70 JavaThread "RMI TCP Connection(6)-127.0.0.1" daemon [_thread_in_native, id=13624, stack(0x000000eba5600000,0x000000eba5700000)]
  0x0000027471695de0 JavaThread "C1 CompilerThread1" daemon [_thread_blocked, id=24032, stack(0x000000eb98700000,0x000000eb98800000)]
  0x0000027471699590 JavaThread "C1 CompilerThread2" daemon [_thread_blocked, id=32784, stack(0x000000eb98e00000,0x000000eb98f00000)]
  0x000002746dde1340 JavaThread "Cache worker for Java compile cache (C:\Users\SURAJ\.gradle\caches\8.0\javaCompile)" [_thread_blocked, id=25956, stack(0x000000eba5d00000,0x000000eba5e00000)]
  0x000002746dde3020 JavaThread "Build operations" [_thread_blocked, id=18228, stack(0x000000eba5e00000,0x000000eba5f00000)]
  0x000002746dde34f0 JavaThread "Build operations Thread 2" [_thread_blocked, id=27308, stack(0x000000eba5f00000,0x000000eba6000000)]
  0x000002746dde39c0 JavaThread "Build operations Thread 3" [_thread_blocked, id=9540, stack(0x000000eba6000000,0x000000eba6100000)]
  0x000002746dde4360 JavaThread "Build operations Thread 4" [_thread_blocked, id=828, stack(0x000000eba6100000,0x000000eba6200000)]
  0x000002746dddcb10 JavaThread "Build operations Thread 5" [_thread_blocked, id=24988, stack(0x000000eba6200000,0x000000eba6300000)]
  0x000002746dde7d20 JavaThread "Build operations Thread 6" [_thread_blocked, id=2908, stack(0x000000eba6300000,0x000000eba6400000)]
  0x000002746dde9060 JavaThread "Build operations Thread 7" [_thread_blocked, id=31764, stack(0x000000eba6400000,0x000000eba6500000)]
  0x000002746dde7380 JavaThread "Build operations Thread 8" [_thread_blocked, id=9156, stack(0x000000eba6500000,0x000000eba6600000)]
  0x000002746ddebbb0 JavaThread "Build operations Thread 9" [_thread_blocked, id=25552, stack(0x000000eba6600000,0x000000eba6700000)]
  0x000002746ddea870 JavaThread "Build operations Thread 10" [_thread_blocked, id=32704, stack(0x000000eba6700000,0x000000eba6800000)]
  0x000002746dde5b70 JavaThread "Build operations Thread 11" [_thread_blocked, id=22440, stack(0x000000eba6800000,0x000000eba6900000)]
  0x000002746ddec080 JavaThread "Build operations Thread 12" [_thread_blocked, id=31972, stack(0x000000eba6900000,0x000000eba6a00000)]
  0x000002746dde8b90 JavaThread "Build operations Thread 13" [_thread_blocked, id=17924, stack(0x000000eba6a00000,0x000000eba6b00000)]
  0x000002746ddead40 JavaThread "Build operations Thread 14" [_thread_blocked, id=22768, stack(0x000000eba6b00000,0x000000eba6c00000)]
  0x000002746ddeb210 JavaThread "Build operations Thread 15" [_thread_blocked, id=2852, stack(0x000000eba6c00000,0x000000eba6d00000)]
  0x000002746dde9530 JavaThread "Build operations Thread 16" [_thread_blocked, id=28176, stack(0x000000eba6d00000,0x000000eba6e00000)]
  0x0000027471699aa0 JavaThread "C1 CompilerThread3" daemon [_thread_blocked, id=21148, stack(0x000000eba5500000,0x000000eba5600000)]
  0x000002746dde7850 JavaThread "WorkerExecutor Queue Thread 4" [_thread_blocked, id=4188, stack(0x000000eba6e00000,0x000000eba6f00000)]
  0x000002746c6754f0 JavaThread "C2 CompilerThread1" daemon [_thread_blocked, id=19256, stack(0x000000eb96b00000,0x000000eb96c00000)]
  0x000002746c676930 JavaThread "C2 CompilerThread2" daemon [_thread_blocked, id=17996, stack(0x000000eb98400000,0x000000eb98500000)]
  0x000002747840a700 JavaThread "WorkerExecutor Queue Thread 5" [_thread_blocked, id=9292, stack(0x000000eba7000000,0x000000eba7100000)]
  0x0000027478407210 JavaThread "WorkerExecutor Queue Thread 6" [_thread_blocked, id=15308, stack(0x000000eba7100000,0x000000eba7200000)]
  0x0000027473e23820 JavaThread "WorkerExecutor Queue Thread 7" [_thread_blocked, id=19432, stack(0x000000eba7200000,0x000000eba7300000)]
  0x0000027473e25500 JavaThread "WorkerExecutor Queue Thread 8" [_thread_blocked, id=12760, stack(0x000000eba7300000,0x000000eba7400000)]
  0x0000027474efaaf0 JavaThread "WorkerExecutor Queue Thread 9" [_thread_blocked, id=32676, stack(0x000000eba7400000,0x000000eba7500000)]
  0x000002746c43dd60 JavaThread "WorkerExecutor Queue Thread 10" [_thread_blocked, id=11788, stack(0x000000eba7500000,0x000000eba7600000)]
  0x0000027476b0fcb0 JavaThread "WorkerExecutor Queue Thread 11" [_thread_blocked, id=29596, stack(0x000000eba7600000,0x000000eba7700000)]
  0x0000027476b0be20 JavaThread "WorkerExecutor Queue Thread 12" [_thread_blocked, id=4584, stack(0x000000eba7700000,0x000000eba7800000)]
  0x0000027476b0a610 JavaThread "WorkerExecutor Queue Thread 13" [_thread_blocked, id=15832, stack(0x000000eba7800000,0x000000eba7900000)]
  0x0000027476b08930 JavaThread "WorkerExecutor Queue Thread 14" [_thread_blocked, id=14656, stack(0x000000eba7900000,0x000000eba7a00000)]
  0x0000027476b10650 JavaThread "WorkerExecutor Queue Thread 15" [_thread_blocked, id=8528, stack(0x000000eba7a00000,0x000000eba7b00000)]
  0x0000027476b0d630 JavaThread "WorkerExecutor Queue Thread 16" [_thread_blocked, id=21628, stack(0x000000eba7b00000,0x000000eba7c00000)]
  0x000002747608aed0 JavaThread "WorkerExecutor Queue Thread 17" [_thread_blocked, id=17204, stack(0x000000eba7c00000,0x000000eba7d00000)]
  0x000002747798f3f0 JavaThread "ForkJoinPool.commonPool-worker-1" daemon [_thread_blocked, id=16184, stack(0x000000eba7d00000,0x000000eba7e00000)]
  0x0000027479196210 JavaThread "ForkJoinPool.commonPool-worker-2" daemon [_thread_blocked, id=22900, stack(0x000000eba7e00000,0x000000eba7f00000)]
  0x000002747593a430 JavaThread "ForkJoinPool.commonPool-worker-3" daemon [_thread_blocked, id=28776, stack(0x000000eba7f00000,0x000000eba8000000)]
  0x0000027475939a90 JavaThread "ForkJoinPool.commonPool-worker-4" daemon [_thread_blocked, id=2060, stack(0x000000eba8000000,0x000000eba8100000)]
  0x0000027473f0f180 JavaThread "ForkJoinPool.commonPool-worker-5" daemon [_thread_blocked, id=7172, stack(0x000000eba8100000,0x000000eba8200000)]
  0x000002746ddaf0f0 JavaThread "ForkJoinPool.commonPool-worker-6" daemon [_thread_blocked, id=13716, stack(0x000000eba8200000,0x000000eba8300000)]
  0x0000027476b0c7c0 JavaThread "ForkJoinPool.commonPool-worker-7" daemon [_thread_blocked, id=17344, stack(0x000000eba8300000,0x000000eba8400000)]
  0x000002746ddb0430 JavaThread "ForkJoinPool.commonPool-worker-8" daemon [_thread_blocked, id=26472, stack(0x000000eba8400000,0x000000eba8500000)]
  0x00000274766fb080 JavaThread "ForkJoinPool.commonPool-worker-9" daemon [_thread_blocked, id=19944, stack(0x000000eba8500000,0x000000eba8600000)]
  0x0000027476e2e180 JavaThread "ForkJoinPool.commonPool-worker-10" daemon [_thread_blocked, id=13804, stack(0x000000eba8600000,0x000000eba8700000)]
  0x0000027476b09c70 JavaThread "ForkJoinPool.commonPool-worker-11" daemon [_thread_blocked, id=13252, stack(0x000000eba8700000,0x000000eba8800000)]
  0x000002747798f8c0 JavaThread "ForkJoinPool.commonPool-worker-12" daemon [_thread_blocked, id=32624, stack(0x000000eba8800000,0x000000eba8900000)]
  0x00000274766fb550 JavaThread "ForkJoinPool.commonPool-worker-13" daemon [_thread_blocked, id=20452, stack(0x000000eba8900000,0x000000eba8a00000)]
  0x000002747c945530 JavaThread "ForkJoinPool.commonPool-worker-14" daemon [_thread_blocked, id=13936, stack(0x000000eba8a00000,0x000000eba8b00000)]
  0x000002747c945a00 JavaThread "ForkJoinPool.commonPool-worker-15" daemon [_thread_blocked, id=32644, stack(0x000000eba8b00000,0x000000eba8c00000)]

Other Threads:
=>0x00000274687ee800 VMThread "VM Thread" [stack: 0x000000eb95100000,0x000000eb95200000] [id=31512]
  0x000002744bf96660 WatcherThread [stack: 0x000000eb95f00000,0x000000eb96000000] [id=15944]
  0x000002744bf6c440 GCTaskThread "GC Thread#0" [stack: 0x000000eb94c00000,0x000000eb94d00000] [id=5396]
  0x0000027469a14260 GCTaskThread "GC Thread#1" [stack: 0x000000eb96200000,0x000000eb96300000] [id=31160]
  0x0000027469fb83a0 GCTaskThread "GC Thread#2" [stack: 0x000000eb96300000,0x000000eb96400000] [id=25712]
  0x0000027469fb8650 GCTaskThread "GC Thread#3" [stack: 0x000000eb96400000,0x000000eb96500000] [id=32212]
  0x000002746a0c2c90 GCTaskThread "GC Thread#4" [stack: 0x000000eb96500000,0x000000eb96600000] [id=21832]
  0x000002746c363f70 GCTaskThread "GC Thread#5" [stack: 0x000000eb97000000,0x000000eb97100000] [id=17060]
  0x000002746bb71060 GCTaskThread "GC Thread#6" [stack: 0x000000eb97100000,0x000000eb97200000] [id=21760]
  0x000002746bb71310 GCTaskThread "GC Thread#7" [stack: 0x000000eb97200000,0x000000eb97300000] [id=31316]
  0x000002746bb71dd0 GCTaskThread "GC Thread#8" [stack: 0x000000eb97300000,0x000000eb97400000] [id=10816]
  0x000002746bb72080 GCTaskThread "GC Thread#9" [stack: 0x000000eb97400000,0x000000eb97500000] [id=11228]
  0x000002746bf63020 GCTaskThread "GC Thread#10" [stack: 0x000000eb97500000,0x000000eb97600000] [id=31624]
  0x000002746bf636d0 GCTaskThread "GC Thread#11" [stack: 0x000000eb97600000,0x000000eb97700000] [id=16880]
  0x000002746bf63b90 GCTaskThread "GC Thread#12" [stack: 0x000000eb97700000,0x000000eb97800000] [id=16668]
  0x000002744bf7e390 ConcurrentGCThread "G1 Main Marker" [stack: 0x000000eb94d00000,0x000000eb94e00000] [id=13576]
  0x000002744bf7eda0 ConcurrentGCThread "G1 Conc#0" [stack: 0x000000eb94e00000,0x000000eb94f00000] [id=30036]
  0x000002746b85e5f0 ConcurrentGCThread "G1 Conc#1" [stack: 0x000000eb97800000,0x000000eb97900000] [id=29476]
  0x000002746b85f0b0 ConcurrentGCThread "G1 Conc#2" [stack: 0x000000eb97900000,0x000000eb97a00000] [id=32256]
  0x00000274686845d0 ConcurrentGCThread "G1 Refine#0" [stack: 0x000000eb94f00000,0x000000eb95000000] [id=31464]
  0x000002746d434a50 ConcurrentGCThread "G1 Refine#1" [stack: 0x000000eb97d00000,0x000000eb97e00000] [id=12304]
  0x000002746d9bb760 ConcurrentGCThread "G1 Refine#2" [stack: 0x000000eb97e00000,0x000000eb97f00000] [id=31460]
  0x000002746d697310 ConcurrentGCThread "G1 Refine#3" [stack: 0x000000eb97f00000,0x000000eb98000000] [id=31272]
  0x000002746c339660 ConcurrentGCThread "G1 Refine#4" [stack: 0x000000eb98000000,0x000000eb98100000] [id=6748]
  0x0000027476685070 ConcurrentGCThread "G1 Refine#5" [stack: 0x000000eba5800000,0x000000eba5900000] [id=20308]
  0x0000027476685630 ConcurrentGCThread "G1 Refine#6" [stack: 0x000000eba5900000,0x000000eba5a00000] [id=25944]
  0x0000027476687010 ConcurrentGCThread "G1 Refine#7" [stack: 0x000000eba5a00000,0x000000eba5b00000] [id=22912]
  0x0000027468684f00 ConcurrentGCThread "G1 Service" [stack: 0x000000eb95000000,0x000000eb95100000] [id=17988]

Threads with active compile tasks:
C2 CompilerThread0   250862 33495   !   4       java.io.ObjectOutputStream::writeObject0 (620 bytes)
C2 CompilerThread1   250862 31307       4       com.android.tools.r8.internal.fk::a (36 bytes)
C2 CompilerThread2   250862 31265       4       com.android.tools.r8.internal.U3::a (215 bytes)

VM state: at safepoint (normal execution)

VM Mutex/Monitor currently owned by a thread:  ([mutex/lock_event])
[0x000002744bf0c380] Threads_lock - owner thread: 0x00000274687ee800
[0x000002744bf0d100] Heap_lock - owner thread: 0x000002747c945530

Heap address: 0x0000000080000000, size: 2048 MB, Compressed Oops mode: 32-bit

CDS archive(s) not mapped
Compressed class space mapped at: 0x0000000100000000-0x0000000140000000, reserved size: 1073741824
Narrow klass base: 0x0000000000000000, Narrow klass shift: 3, Narrow klass range: 0x140000000

GC Precious Log:
 CPUs: 16 total, 16 available
 Memory: 15587M
 Large Page Support: Disabled
 NUMA Support: Disabled
 Compressed Oops: Enabled (32-bit)
 Heap Region Size: 1M
 Heap Min Capacity: 8M
 Heap Initial Capacity: 244M
 Heap Max Capacity: 2G
 Pre-touch: Disabled
 Parallel Workers: 13
 Concurrent Workers: 3
 Concurrent Refinement Workers: 13
 Periodic GC: Disabled

Heap:
 garbage-first heap   total 601088K, used 277012K [0x0000000080000000, 0x0000000100000000)
  region size 1024K, 13 young (13312K), 13 survivors (13312K)
 Metaspace       used 196700K, committed 197888K, reserved 1228800K
  class space    used 26386K, committed 26944K, reserved 1048576K

Heap Regions: E=young(eden), S=young(survivor), O=old, HS=humongous(starts), HC=humongous(continues), CS=collection set, F=free, OA=open archive, CA=closed archive, TAMS=top-at-mark-start (previous, next)
|   0|0x0000000080000000, 0x0000000080100000, 0x0000000080100000|100%|HS|  |TAMS 0x0000000080100000, 0x0000000080100000| Complete 
|   1|0x0000000080100000, 0x0000000080200000, 0x0000000080200000|100%|HC|  |TAMS 0x0000000080200000, 0x0000000080200000| Complete 
|   2|0x0000000080200000, 0x0000000080300000, 0x0000000080300000|100%|HC|  |TAMS 0x0000000080300000, 0x0000000080300000| Complete 
|   3|0x0000000080300000, 0x0000000080400000, 0x0000000080400000|100%|HC|  |TAMS 0x0000000080400000, 0x0000000080400000| Complete 
|   4|0x0000000080400000, 0x0000000080500000, 0x0000000080500000|100%| O|  |TAMS 0x0000000080500000, 0x0000000080500000| Untracked 
|   5|0x0000000080500000, 0x0000000080600000, 0x0000000080600000|100%| O|  |TAMS 0x0000000080600000, 0x0000000080600000| Untracked 
|   6|0x0000000080600000, 0x0000000080700000, 0x0000000080700000|100%| O|  |TAMS 0x0000000080700000, 0x0000000080700000| Untracked 
|   7|0x0000000080700000, 0x0000000080800000, 0x0000000080800000|100%| O|  |TAMS 0x0000000080800000, 0x0000000080800000| Untracked 
|   8|0x0000000080800000, 0x0000000080900000, 0x0000000080900000|100%| O|  |TAMS 0x0000000080900000, 0x0000000080900000| Untracked 
|   9|0x0000000080900000, 0x0000000080a00000, 0x0000000080a00000|100%| O|  |TAMS 0x0000000080a00000, 0x0000000080a00000| Untracked 
|  10|0x0000000080a00000, 0x0000000080b00000, 0x0000000080b00000|100%| O|  |TAMS 0x0000000080b00000, 0x0000000080b00000| Untracked 
|  11|0x0000000080b00000, 0x0000000080c00000, 0x0000000080c00000|100%| O|  |TAMS 0x0000000080c00000, 0x0000000080c00000| Untracked 
|  12|0x0000000080c00000, 0x0000000080d00000, 0x0000000080d00000|100%| O|  |TAMS 0x0000000080d00000, 0x0000000080d00000| Untracked 
|  13|0x0000000080d00000, 0x0000000080e00000, 0x0000000080e00000|100%| O|  |TAMS 0x0000000080e00000, 0x0000000080e00000| Untracked 
|  14|0x0000000080e00000, 0x0000000080f00000, 0x0000000080f00000|100%| O|  |TAMS 0x0000000080f00000, 0x0000000080f00000| Untracked 
|  15|0x0000000080f00000, 0x0000000081000000, 0x0000000081000000|100%| O|  |TAMS 0x0000000081000000, 0x0000000081000000| Untracked 
|  16|0x0000000081000000, 0x0000000081100000, 0x0000000081100000|100%| O|  |TAMS 0x0000000081100000, 0x0000000081100000| Untracked 
|  17|0x0000000081100000, 0x0000000081200000, 0x0000000081200000|100%| O|  |TAMS 0x0000000081200000, 0x0000000081200000| Untracked 
|  18|0x0000000081200000, 0x0000000081300000, 0x0000000081300000|100%| O|  |TAMS 0x0000000081300000, 0x0000000081300000| Untracked 
|  19|0x0000000081300000, 0x0000000081400000, 0x0000000081400000|100%| O|  |TAMS 0x0000000081400000, 0x0000000081400000| Untracked 
|  20|0x0000000081400000, 0x0000000081500000, 0x0000000081500000|100%| O|  |TAMS 0x0000000081500000, 0x0000000081500000| Untracked 
|  21|0x0000000081500000, 0x0000000081600000, 0x0000000081600000|100%| O|  |TAMS 0x0000000081600000, 0x0000000081600000| Untracked 
|  22|0x0000000081600000, 0x0000000081700000, 0x0000000081700000|100%| O|  |TAMS 0x0000000081700000, 0x0000000081700000| Untracked 
|  23|0x0000000081700000, 0x0000000081800000, 0x0000000081800000|100%| O|  |TAMS 0x0000000081800000, 0x0000000081800000| Untracked 
|  24|0x0000000081800000, 0x0000000081900000, 0x0000000081900000|100%| O|  |TAMS 0x0000000081900000, 0x0000000081900000| Untracked 
|  25|0x0000000081900000, 0x0000000081a00000, 0x0000000081a00000|100%| O|  |TAMS 0x0000000081a00000, 0x0000000081a00000| Untracked 
|  26|0x0000000081a00000, 0x0000000081a00000, 0x0000000081b00000|  0%| F|  |TAMS 0x0000000081a00000, 0x0000000081a00000| Untracked 
|  27|0x0000000081b00000, 0x0000000081c00000, 0x0000000081c00000|100%| O|  |TAMS 0x0000000081c00000, 0x0000000081c00000| Untracked 
|  28|0x0000000081c00000, 0x0000000081d00000, 0x0000000081d00000|100%| O|  |TAMS 0x0000000081d00000, 0x0000000081d00000| Untracked 
|  29|0x0000000081d00000, 0x0000000081e00000, 0x0000000081e00000|100%|HS|  |TAMS 0x0000000081e00000, 0x0000000081e00000| Complete 
|  30|0x0000000081e00000, 0x0000000081f00000, 0x0000000081f00000|100%|HS|  |TAMS 0x0000000081f00000, 0x0000000081f00000| Complete 
|  31|0x0000000081f00000, 0x0000000082000000, 0x0000000082000000|100%|HS|  |TAMS 0x0000000082000000, 0x0000000082000000| Complete 
|  32|0x0000000082000000, 0x0000000082100000, 0x0000000082100000|100%|HS|  |TAMS 0x0000000082100000, 0x0000000082100000| Complete 
|  33|0x0000000082100000, 0x0000000082200000, 0x0000000082200000|100%|HC|  |TAMS 0x0000000082200000, 0x0000000082200000| Complete 
|  34|0x0000000082200000, 0x0000000082300000, 0x0000000082300000|100%|HC|  |TAMS 0x0000000082300000, 0x0000000082300000| Complete 
|  35|0x0000000082300000, 0x0000000082400000, 0x0000000082400000|100%|HC|  |TAMS 0x0000000082400000, 0x0000000082400000| Complete 
|  36|0x0000000082400000, 0x0000000082500000, 0x0000000082500000|100%| O|  |TAMS 0x0000000082500000, 0x0000000082500000| Untracked 
|  37|0x0000000082500000, 0x0000000082600000, 0x0000000082600000|100%| O|  |TAMS 0x0000000082600000, 0x0000000082600000| Untracked 
|  38|0x0000000082600000, 0x0000000082700000, 0x0000000082700000|100%| O|  |TAMS 0x0000000082700000, 0x0000000082700000| Untracked 
|  39|0x0000000082700000, 0x0000000082800000, 0x0000000082800000|100%| O|  |TAMS 0x0000000082800000, 0x0000000082800000| Untracked 
|  40|0x0000000082800000, 0x0000000082900000, 0x0000000082900000|100%| O|  |TAMS 0x0000000082900000, 0x0000000082900000| Untracked 
|  41|0x0000000082900000, 0x0000000082a00000, 0x0000000082a00000|100%| O|  |TAMS 0x0000000082a00000, 0x0000000082a00000| Untracked 
|  42|0x0000000082a00000, 0x0000000082b00000, 0x0000000082b00000|100%| O|  |TAMS 0x0000000082b00000, 0x0000000082b00000| Untracked 
|  43|0x0000000082b00000, 0x0000000082c00000, 0x0000000082c00000|100%| O|  |TAMS 0x0000000082c00000, 0x0000000082c00000| Untracked 
|  44|0x0000000082c00000, 0x0000000082d00000, 0x0000000082d00000|100%| O|  |TAMS 0x0000000082d00000, 0x0000000082d00000| Untracked 
|  45|0x0000000082d00000, 0x0000000082e00000, 0x0000000082e00000|100%| O|  |TAMS 0x0000000082e00000, 0x0000000082e00000| Untracked 
|  46|0x0000000082e00000, 0x0000000082e00000, 0x0000000082f00000|  0%| F|  |TAMS 0x0000000082e00000, 0x0000000082e00000| Untracked 
|  47|0x0000000082f00000, 0x0000000083000000, 0x0000000083000000|100%| O|  |TAMS 0x0000000083000000, 0x0000000083000000| Untracked 
|  48|0x0000000083000000, 0x0000000083100000, 0x0000000083100000|100%| O|  |TAMS 0x0000000083100000, 0x0000000083100000| Untracked 
|  49|0x0000000083100000, 0x0000000083200000, 0x0000000083200000|100%| O|  |TAMS 0x0000000083200000, 0x0000000083200000| Untracked 
|  50|0x0000000083200000, 0x0000000083300000, 0x0000000083300000|100%| O|  |TAMS 0x0000000083300000, 0x0000000083300000| Untracked 
|  51|0x0000000083300000, 0x0000000083400000, 0x0000000083400000|100%| O|  |TAMS 0x0000000083400000, 0x0000000083400000| Untracked 
|  52|0x0000000083400000, 0x0000000083500000, 0x0000000083500000|100%| O|  |TAMS 0x0000000083500000, 0x0000000083500000| Untracked 
|  53|0x0000000083500000, 0x0000000083600000, 0x0000000083600000|100%| O|  |TAMS 0x0000000083600000, 0x0000000083600000| Untracked 
|  54|0x0000000083600000, 0x0000000083600000, 0x0000000083700000|  0%| F|  |TAMS 0x0000000083600000, 0x0000000083600000| Untracked 
|  55|0x0000000083700000, 0x0000000083800000, 0x0000000083800000|100%| O|  |TAMS 0x0000000083700000, 0x0000000083800000| Untracked 
|  56|0x0000000083800000, 0x0000000083900000, 0x0000000083900000|100%| O|  |TAMS 0x0000000083900000, 0x0000000083900000| Untracked 
|  57|0x0000000083900000, 0x0000000083a00000, 0x0000000083a00000|100%| O|  |TAMS 0x0000000083a00000, 0x0000000083a00000| Untracked 
|  58|0x0000000083a00000, 0x0000000083b00000, 0x0000000083b00000|100%| O|  |TAMS 0x0000000083b00000, 0x0000000083b00000| Untracked 
|  59|0x0000000083b00000, 0x0000000083c00000, 0x0000000083c00000|100%| O|  |TAMS 0x0000000083c00000, 0x0000000083c00000| Untracked 
|  60|0x0000000083c00000, 0x0000000083d00000, 0x0000000083d00000|100%| O|  |TAMS 0x0000000083d00000, 0x0000000083d00000| Untracked 
|  61|0x0000000083d00000, 0x0000000083e00000, 0x0000000083e00000|100%| O|  |TAMS 0x0000000083e00000, 0x0000000083e00000| Untracked 
|  62|0x0000000083e00000, 0x0000000083f00000, 0x0000000083f00000|100%| O|  |TAMS 0x0000000083f00000, 0x0000000083f00000| Untracked 
|  63|0x0000000083f00000, 0x0000000084000000, 0x0000000084000000|100%| O|  |TAMS 0x0000000084000000, 0x0000000084000000| Untracked 
|  64|0x0000000084000000, 0x0000000084100000, 0x0000000084100000|100%| O|  |TAMS 0x0000000084000000, 0x0000000084100000| Untracked 
|  65|0x0000000084100000, 0x0000000084200000, 0x0000000084200000|100%| O|  |TAMS 0x0000000084200000, 0x0000000084200000| Untracked 
|  66|0x0000000084200000, 0x0000000084300000, 0x0000000084300000|100%| O|  |TAMS 0x0000000084300000, 0x0000000084300000| Untracked 
|  67|0x0000000084300000, 0x0000000084400000, 0x0000000084400000|100%| O|  |TAMS 0x0000000084400000, 0x0000000084400000| Untracked 
|  68|0x0000000084400000, 0x0000000084500000, 0x0000000084500000|100%| O|  |TAMS 0x0000000084500000, 0x0000000084500000| Untracked 
|  69|0x0000000084500000, 0x0000000084600000, 0x0000000084600000|100%| O|  |TAMS 0x0000000084600000, 0x0000000084600000| Untracked 
|  70|0x0000000084600000, 0x0000000084700000, 0x0000000084700000|100%| O|  |TAMS 0x0000000084700000, 0x0000000084700000| Untracked 
|  71|0x0000000084700000, 0x0000000084800000, 0x0000000084800000|100%| O|  |TAMS 0x0000000084800000, 0x0000000084800000| Untracked 
|  72|0x0000000084800000, 0x0000000084900000, 0x0000000084900000|100%| O|  |TAMS 0x0000000084900000, 0x0000000084900000| Untracked 
|  73|0x0000000084900000, 0x0000000084a00000, 0x0000000084a00000|100%| O|  |TAMS 0x0000000084a00000, 0x0000000084a00000| Untracked 
|  74|0x0000000084a00000, 0x0000000084b00000, 0x0000000084b00000|100%| O|  |TAMS 0x0000000084b00000, 0x0000000084b00000| Untracked 
|  75|0x0000000084b00000, 0x0000000084c00000, 0x0000000084c00000|100%| O|  |TAMS 0x0000000084c00000, 0x0000000084c00000| Untracked 
|  76|0x0000000084c00000, 0x0000000084d00000, 0x0000000084d00000|100%| O|  |TAMS 0x0000000084d00000, 0x0000000084d00000| Untracked 
|  77|0x0000000084d00000, 0x0000000084d00000, 0x0000000084e00000|  0%| F|  |TAMS 0x0000000084d00000, 0x0000000084d00000| Untracked 
|  78|0x0000000084e00000, 0x0000000084f00000, 0x0000000084f00000|100%| O|  |TAMS 0x0000000084f00000, 0x0000000084f00000| Untracked 
|  79|0x0000000084f00000, 0x0000000085000000, 0x0000000085000000|100%| O|  |TAMS 0x0000000085000000, 0x0000000085000000| Untracked 
|  80|0x0000000085000000, 0x0000000085100000, 0x0000000085100000|100%| O|  |TAMS 0x0000000085100000, 0x0000000085100000| Untracked 
|  81|0x0000000085100000, 0x0000000085200000, 0x0000000085200000|100%| O|  |TAMS 0x0000000085200000, 0x0000000085200000| Untracked 
|  82|0x0000000085200000, 0x0000000085300000, 0x0000000085300000|100%| O|  |TAMS 0x0000000085300000, 0x0000000085300000| Untracked 
|  83|0x0000000085300000, 0x0000000085400000, 0x0000000085400000|100%| O|  |TAMS 0x0000000085400000, 0x0000000085400000| Untracked 
|  84|0x0000000085400000, 0x0000000085500000, 0x0000000085500000|100%| O|  |TAMS 0x0000000085500000, 0x0000000085500000| Untracked 
|  85|0x0000000085500000, 0x0000000085600000, 0x0000000085600000|100%| O|  |TAMS 0x0000000085600000, 0x0000000085600000| Untracked 
|  86|0x0000000085600000, 0x0000000085700000, 0x0000000085700000|100%| O|  |TAMS 0x0000000085700000, 0x0000000085700000| Untracked 
|  87|0x0000000085700000, 0x0000000085800000, 0x0000000085800000|100%| O|  |TAMS 0x0000000085800000, 0x0000000085800000| Untracked 
|  88|0x0000000085800000, 0x0000000085900000, 0x0000000085900000|100%| O|  |TAMS 0x0000000085900000, 0x0000000085900000| Untracked 
|  89|0x0000000085900000, 0x0000000085900000, 0x0000000085a00000|  0%| F|  |TAMS 0x0000000085900000, 0x0000000085900000| Untracked 
|  90|0x0000000085a00000, 0x0000000085b00000, 0x0000000085b00000|100%| O|  |TAMS 0x0000000085b00000, 0x0000000085b00000| Untracked 
|  91|0x0000000085b00000, 0x0000000085c00000, 0x0000000085c00000|100%| O|  |TAMS 0x0000000085c00000, 0x0000000085c00000| Untracked 
|  92|0x0000000085c00000, 0x0000000085d00000, 0x0000000085d00000|100%| O|  |TAMS 0x0000000085d00000, 0x0000000085d00000| Untracked 
|  93|0x0000000085d00000, 0x0000000085e00000, 0x0000000085e00000|100%| O|  |TAMS 0x0000000085e00000, 0x0000000085e00000| Untracked 
|  94|0x0000000085e00000, 0x0000000085f00000, 0x0000000085f00000|100%| O|  |TAMS 0x0000000085f00000, 0x0000000085f00000| Untracked 
|  95|0x0000000085f00000, 0x0000000086000000, 0x0000000086000000|100%| O|  |TAMS 0x0000000086000000, 0x0000000086000000| Untracked 
|  96|0x0000000086000000, 0x0000000086100000, 0x0000000086100000|100%| O|  |TAMS 0x0000000086000000, 0x0000000086100000| Untracked 
|  97|0x0000000086100000, 0x0000000086200000, 0x0000000086200000|100%| O|  |TAMS 0x0000000086100000, 0x0000000086200000| Untracked 
|  98|0x0000000086200000, 0x0000000086300000, 0x0000000086300000|100%| O|  |TAMS 0x0000000086200000, 0x0000000086300000| Untracked 
|  99|0x0000000086300000, 0x0000000086400000, 0x0000000086400000|100%| O|  |TAMS 0x0000000086400000, 0x0000000086400000| Untracked 
| 100|0x0000000086400000, 0x0000000086500000, 0x0000000086500000|100%| O|  |TAMS 0x0000000086500000, 0x0000000086500000| Untracked 
| 101|0x0000000086500000, 0x0000000086600000, 0x0000000086600000|100%| O|  |TAMS 0x0000000086600000, 0x0000000086600000| Untracked 
| 102|0x0000000086600000, 0x0000000086700000, 0x0000000086700000|100%| O|  |TAMS 0x0000000086600000, 0x0000000086700000| Untracked 
| 103|0x0000000086700000, 0x0000000086800000, 0x0000000086800000|100%| O|  |TAMS 0x0000000086800000, 0x0000000086800000| Untracked 
| 104|0x0000000086800000, 0x0000000086900000, 0x0000000086900000|100%| O|  |TAMS 0x0000000086900000, 0x0000000086900000| Untracked 
| 105|0x0000000086900000, 0x0000000086a00000, 0x0000000086a00000|100%| O|  |TAMS 0x0000000086900000, 0x0000000086a00000| Untracked 
| 106|0x0000000086a00000, 0x0000000086b00000, 0x0000000086b00000|100%| O|  |TAMS 0x0000000086a00000, 0x0000000086b00000| Untracked 
| 107|0x0000000086b00000, 0x0000000086c00000, 0x0000000086c00000|100%| O|  |TAMS 0x0000000086c00000, 0x0000000086c00000| Untracked 
| 108|0x0000000086c00000, 0x0000000086d00000, 0x0000000086d00000|100%| O|  |TAMS 0x0000000086d00000, 0x0000000086d00000| Untracked 
| 109|0x0000000086d00000, 0x0000000086e00000, 0x0000000086e00000|100%| O|  |TAMS 0x0000000086d00000, 0x0000000086e00000| Untracked 
| 110|0x0000000086e00000, 0x0000000086f00000, 0x0000000086f00000|100%| O|  |TAMS 0x0000000086e00000, 0x0000000086f00000| Untracked 
| 111|0x0000000086f00000, 0x0000000087000000, 0x0000000087000000|100%| O|  |TAMS 0x0000000086f00000, 0x0000000087000000| Untracked 
| 112|0x0000000087000000, 0x0000000087100000, 0x0000000087100000|100%| O|  |TAMS 0x0000000087000000, 0x0000000087100000| Untracked 
| 113|0x0000000087100000, 0x0000000087100000, 0x0000000087200000|  0%| F|  |TAMS 0x0000000087100000, 0x0000000087100000| Untracked 
| 114|0x0000000087200000, 0x0000000087300000, 0x0000000087300000|100%| O|  |TAMS 0x0000000087200000, 0x0000000087300000| Untracked 
| 115|0x0000000087300000, 0x0000000087400000, 0x0000000087400000|100%| O|  |TAMS 0x0000000087300000, 0x0000000087400000| Untracked 
| 116|0x0000000087400000, 0x0000000087500000, 0x0000000087500000|100%| O|  |TAMS 0x0000000087400000, 0x0000000087500000| Untracked 
| 117|0x0000000087500000, 0x000000008755a000, 0x0000000087600000| 35%| O|  |TAMS 0x0000000087500000, 0x000000008755a000| Untracked 
| 118|0x0000000087600000, 0x0000000087700000, 0x0000000087700000|100%|HS|  |TAMS 0x0000000087600000, 0x0000000087700000| Complete 
| 119|0x0000000087700000, 0x0000000087800000, 0x0000000087800000|100%|HC|  |TAMS 0x0000000087700000, 0x0000000087800000| Complete 
| 120|0x0000000087800000, 0x0000000087800000, 0x0000000087900000|  0%| F|  |TAMS 0x0000000087800000, 0x0000000087800000| Untracked 
| 121|0x0000000087900000, 0x0000000087a00000, 0x0000000087a00000|100%| O|  |TAMS 0x0000000087a00000, 0x0000000087a00000| Untracked 
| 122|0x0000000087a00000, 0x0000000087b00000, 0x0000000087b00000|100%|HS|  |TAMS 0x0000000087a00000, 0x0000000087b00000| Complete 
| 123|0x0000000087b00000, 0x0000000087c00000, 0x0000000087c00000|100%|HC|  |TAMS 0x0000000087b00000, 0x0000000087c00000| Complete 
| 124|0x0000000087c00000, 0x0000000087c00000, 0x0000000087d00000|  0%| F|  |TAMS 0x0000000087c00000, 0x0000000087c00000| Untracked 
| 125|0x0000000087d00000, 0x0000000087e00000, 0x0000000087e00000|100%| O|  |TAMS 0x0000000087e00000, 0x0000000087e00000| Untracked 
| 126|0x0000000087e00000, 0x0000000087f00000, 0x0000000087f00000|100%| O|  |TAMS 0x0000000087f00000, 0x0000000087f00000| Untracked 
| 127|0x0000000087f00000, 0x0000000087f00000, 0x0000000088000000|  0%| F|  |TAMS 0x0000000087f00000, 0x0000000087f00000| Untracked 
| 128|0x0000000088000000, 0x0000000088100000, 0x0000000088100000|100%| O|  |TAMS 0x0000000088100000, 0x0000000088100000| Untracked 
| 129|0x0000000088100000, 0x0000000088200000, 0x0000000088200000|100%| O|  |TAMS 0x0000000088200000, 0x0000000088200000| Untracked 
| 130|0x0000000088200000, 0x0000000088300000, 0x0000000088300000|100%| O|  |TAMS 0x0000000088300000, 0x0000000088300000| Untracked 
| 131|0x0000000088300000, 0x0000000088400000, 0x0000000088400000|100%| O|  |TAMS 0x0000000088400000, 0x0000000088400000| Untracked 
| 132|0x0000000088400000, 0x0000000088500000, 0x0000000088500000|100%| O|  |TAMS 0x0000000088500000, 0x0000000088500000| Untracked 
| 133|0x0000000088500000, 0x0000000088600000, 0x0000000088600000|100%|HS|  |TAMS 0x0000000088600000, 0x0000000088600000| Complete 
| 134|0x0000000088600000, 0x0000000088700000, 0x0000000088700000|100%|HC|  |TAMS 0x0000000088700000, 0x0000000088700000| Complete 
| 135|0x0000000088700000, 0x0000000088800000, 0x0000000088800000|100%| O|  |TAMS 0x0000000088800000, 0x0000000088800000| Untracked 
| 136|0x0000000088800000, 0x0000000088900000, 0x0000000088900000|100%| O|  |TAMS 0x0000000088900000, 0x0000000088900000| Untracked 
| 137|0x0000000088900000, 0x0000000088a00000, 0x0000000088a00000|100%| O|  |TAMS 0x0000000088900000, 0x0000000088a00000| Untracked 
| 138|0x0000000088a00000, 0x0000000088b00000, 0x0000000088b00000|100%|HS|  |TAMS 0x0000000088b00000, 0x0000000088b00000| Complete 
| 139|0x0000000088b00000, 0x0000000088c00000, 0x0000000088c00000|100%|HC|  |TAMS 0x0000000088c00000, 0x0000000088c00000| Complete 
| 140|0x0000000088c00000, 0x0000000088d00000, 0x0000000088d00000|100%|HC|  |TAMS 0x0000000088d00000, 0x0000000088d00000| Complete 
| 141|0x0000000088d00000, 0x0000000088e00000, 0x0000000088e00000|100%|HC|  |TAMS 0x0000000088e00000, 0x0000000088e00000| Complete 
| 142|0x0000000088e00000, 0x0000000088f00000, 0x0000000088f00000|100%| O|  |TAMS 0x0000000088f00000, 0x0000000088f00000| Untracked 
| 143|0x0000000088f00000, 0x0000000089000000, 0x0000000089000000|100%| O|  |TAMS 0x0000000089000000, 0x0000000089000000| Untracked 
| 144|0x0000000089000000, 0x0000000089100000, 0x0000000089100000|100%| O|  |TAMS 0x0000000089100000, 0x0000000089100000| Untracked 
| 145|0x0000000089100000, 0x0000000089200000, 0x0000000089200000|100%|HS|  |TAMS 0x0000000089100000, 0x0000000089200000| Complete 
| 146|0x0000000089200000, 0x0000000089300000, 0x0000000089300000|100%|HC|  |TAMS 0x0000000089200000, 0x0000000089300000| Complete 
| 147|0x0000000089300000, 0x0000000089300000, 0x0000000089400000|  0%| F|  |TAMS 0x0000000089300000, 0x0000000089300000| Untracked 
| 148|0x0000000089400000, 0x0000000089500000, 0x0000000089500000|100%| O|  |TAMS 0x0000000089400000, 0x0000000089500000| Untracked 
| 149|0x0000000089500000, 0x0000000089600000, 0x0000000089600000|100%| O|  |TAMS 0x0000000089600000, 0x0000000089600000| Untracked 
| 150|0x0000000089600000, 0x0000000089600000, 0x0000000089700000|  0%| F|  |TAMS 0x0000000089600000, 0x0000000089600000| Untracked 
| 151|0x0000000089700000, 0x0000000089800000, 0x0000000089800000|100%| O|  |TAMS 0x0000000089800000, 0x0000000089800000| Untracked 
| 152|0x0000000089800000, 0x0000000089900000, 0x0000000089900000|100%|HS|  |TAMS 0x0000000089800000, 0x0000000089900000| Complete 
| 153|0x0000000089900000, 0x0000000089a00000, 0x0000000089a00000|100%|HC|  |TAMS 0x0000000089900000, 0x0000000089a00000| Complete 
| 154|0x0000000089a00000, 0x0000000089b00000, 0x0000000089b00000|100%|HS|  |TAMS 0x0000000089a00000, 0x0000000089b00000| Complete 
| 155|0x0000000089b00000, 0x0000000089c00000, 0x0000000089c00000|100%|HC|  |TAMS 0x0000000089b00000, 0x0000000089c00000| Complete 
| 156|0x0000000089c00000, 0x0000000089d00000, 0x0000000089d00000|100%|HS|  |TAMS 0x0000000089c00000, 0x0000000089d00000| Complete 
| 157|0x0000000089d00000, 0x0000000089e00000, 0x0000000089e00000|100%|HC|  |TAMS 0x0000000089d00000, 0x0000000089e00000| Complete 
| 158|0x0000000089e00000, 0x0000000089f00000, 0x0000000089f00000|100%|HS|  |TAMS 0x0000000089e00000, 0x0000000089f00000| Complete 
| 159|0x0000000089f00000, 0x000000008a000000, 0x000000008a000000|100%|HC|  |TAMS 0x0000000089f00000, 0x000000008a000000| Complete 
| 160|0x000000008a000000, 0x000000008a000000, 0x000000008a100000|  0%| F|  |TAMS 0x000000008a000000, 0x000000008a000000| Untracked 
| 161|0x000000008a100000, 0x000000008a200000, 0x000000008a200000|100%| O|  |TAMS 0x000000008a200000, 0x000000008a200000| Untracked 
| 162|0x000000008a200000, 0x000000008a300000, 0x000000008a300000|100%| O|  |TAMS 0x000000008a300000, 0x000000008a300000| Untracked 
| 163|0x000000008a300000, 0x000000008a400000, 0x000000008a400000|100%| O|  |TAMS 0x000000008a400000, 0x000000008a400000| Untracked 
| 164|0x000000008a400000, 0x000000008a500000, 0x000000008a500000|100%| O|  |TAMS 0x000000008a500000, 0x000000008a500000| Untracked 
| 165|0x000000008a500000, 0x000000008a600000, 0x000000008a600000|100%| O|  |TAMS 0x000000008a600000, 0x000000008a600000| Untracked 
| 166|0x000000008a600000, 0x000000008a700000, 0x000000008a700000|100%| O|  |TAMS 0x000000008a700000, 0x000000008a700000| Untracked 
| 167|0x000000008a700000, 0x000000008a800000, 0x000000008a800000|100%| O|  |TAMS 0x000000008a800000, 0x000000008a800000| Untracked 
| 168|0x000000008a800000, 0x000000008a900000, 0x000000008a900000|100%| O|  |TAMS 0x000000008a900000, 0x000000008a900000| Untracked 
| 169|0x000000008a900000, 0x000000008aa00000, 0x000000008aa00000|100%| O|  |TAMS 0x000000008aa00000, 0x000000008aa00000| Untracked 
| 170|0x000000008aa00000, 0x000000008ab00000, 0x000000008ab00000|100%| O|  |TAMS 0x000000008ab00000, 0x000000008ab00000| Untracked 
| 171|0x000000008ab00000, 0x000000008ac00000, 0x000000008ac00000|100%| O|  |TAMS 0x000000008ac00000, 0x000000008ac00000| Untracked 
| 172|0x000000008ac00000, 0x000000008ad00000, 0x000000008ad00000|100%| O|  |TAMS 0x000000008ad00000, 0x000000008ad00000| Untracked 
| 173|0x000000008ad00000, 0x000000008ae00000, 0x000000008ae00000|100%| O|  |TAMS 0x000000008ae00000, 0x000000008ae00000| Untracked 
| 174|0x000000008ae00000, 0x000000008af00000, 0x000000008af00000|100%| O|  |TAMS 0x000000008af00000, 0x000000008af00000| Untracked 
| 175|0x000000008af00000, 0x000000008b000000, 0x000000008b000000|100%| O|  |TAMS 0x000000008b000000, 0x000000008b000000| Untracked 
| 176|0x000000008b000000, 0x000000008b100000, 0x000000008b100000|100%| O|  |TAMS 0x000000008b100000, 0x000000008b100000| Untracked 
| 177|0x000000008b100000, 0x000000008b200000, 0x000000008b200000|100%| O|  |TAMS 0x000000008b200000, 0x000000008b200000| Untracked 
| 178|0x000000008b200000, 0x000000008b300000, 0x000000008b300000|100%| O|  |TAMS 0x000000008b300000, 0x000000008b300000| Untracked 
| 179|0x000000008b300000, 0x000000008b400000, 0x000000008b400000|100%| O|  |TAMS 0x000000008b400000, 0x000000008b400000| Untracked 
| 180|0x000000008b400000, 0x000000008b500000, 0x000000008b500000|100%| O|  |TAMS 0x000000008b500000, 0x000000008b500000| Untracked 
| 181|0x000000008b500000, 0x000000008b500000, 0x000000008b600000|  0%| F|  |TAMS 0x000000008b500000, 0x000000008b500000| Untracked 
| 182|0x000000008b600000, 0x000000008b700000, 0x000000008b700000|100%| O|  |TAMS 0x000000008b700000, 0x000000008b700000| Untracked 
| 183|0x000000008b700000, 0x000000008b800000, 0x000000008b800000|100%| O|  |TAMS 0x000000008b800000, 0x000000008b800000| Untracked 
| 184|0x000000008b800000, 0x000000008b900000, 0x000000008b900000|100%| O|  |TAMS 0x000000008b900000, 0x000000008b900000| Untracked 
| 185|0x000000008b900000, 0x000000008ba00000, 0x000000008ba00000|100%| O|  |TAMS 0x000000008ba00000, 0x000000008ba00000| Untracked 
| 186|0x000000008ba00000, 0x000000008bb00000, 0x000000008bb00000|100%|HS|  |TAMS 0x000000008ba00000, 0x000000008bb00000| Complete 
| 187|0x000000008bb00000, 0x000000008bc00000, 0x000000008bc00000|100%|HC|  |TAMS 0x000000008bb00000, 0x000000008bc00000| Complete 
| 188|0x000000008bc00000, 0x000000008bd00000, 0x000000008bd00000|100%|HS|  |TAMS 0x000000008bc00000, 0x000000008bd00000| Complete 
| 189|0x000000008bd00000, 0x000000008be00000, 0x000000008be00000|100%|HC|  |TAMS 0x000000008bd00000, 0x000000008be00000| Complete 
| 190|0x000000008be00000, 0x000000008be00000, 0x000000008bf00000|  0%| F|  |TAMS 0x000000008be00000, 0x000000008be00000| Untracked 
| 191|0x000000008bf00000, 0x000000008c000000, 0x000000008c000000|100%| O|  |TAMS 0x000000008c000000, 0x000000008c000000| Untracked 
| 192|0x000000008c000000, 0x000000008c100000, 0x000000008c100000|100%|HS|  |TAMS 0x000000008c100000, 0x000000008c100000| Complete 
| 193|0x000000008c100000, 0x000000008c200000, 0x000000008c200000|100%|HC|  |TAMS 0x000000008c200000, 0x000000008c200000| Complete 
| 194|0x000000008c200000, 0x000000008c300000, 0x000000008c300000|100%|HS|  |TAMS 0x000000008c200000, 0x000000008c300000| Complete 
| 195|0x000000008c300000, 0x000000008c400000, 0x000000008c400000|100%|HC|  |TAMS 0x000000008c300000, 0x000000008c400000| Complete 
| 196|0x000000008c400000, 0x000000008c500000, 0x000000008c500000|100%| O|  |TAMS 0x000000008c500000, 0x000000008c500000| Untracked 
| 197|0x000000008c500000, 0x000000008c600000, 0x000000008c600000|100%| O|  |TAMS 0x000000008c600000, 0x000000008c600000| Untracked 
| 198|0x000000008c600000, 0x000000008c700000, 0x000000008c700000|100%| O|  |TAMS 0x000000008c700000, 0x000000008c700000| Untracked 
| 199|0x000000008c700000, 0x000000008c700000, 0x000000008c800000|  0%| F|  |TAMS 0x000000008c700000, 0x000000008c700000| Untracked 
| 200|0x000000008c800000, 0x000000008c900000, 0x000000008c900000|100%| O|  |TAMS 0x000000008c900000, 0x000000008c900000| Untracked 
| 201|0x000000008c900000, 0x000000008ca00000, 0x000000008ca00000|100%|HS|  |TAMS 0x000000008c900000, 0x000000008ca00000| Complete 
| 202|0x000000008ca00000, 0x000000008cb00000, 0x000000008cb00000|100%|HC|  |TAMS 0x000000008ca00000, 0x000000008cb00000| Complete 
| 203|0x000000008cb00000, 0x000000008cb00000, 0x000000008cc00000|  0%| F|  |TAMS 0x000000008cb00000, 0x000000008cb00000| Untracked 
| 204|0x000000008cc00000, 0x000000008cd00000, 0x000000008cd00000|100%| O|  |TAMS 0x000000008cc00000, 0x000000008cd00000| Untracked 
| 205|0x000000008cd00000, 0x000000008ce00000, 0x000000008ce00000|100%| O|  |TAMS 0x000000008cd00000, 0x000000008ce00000| Untracked 
| 206|0x000000008ce00000, 0x000000008ce00000, 0x000000008cf00000|  0%| F|  |TAMS 0x000000008ce00000, 0x000000008ce00000| Untracked 
| 207|0x000000008cf00000, 0x000000008d000000, 0x000000008d000000|100%| O|  |TAMS 0x000000008cf00000, 0x000000008d000000| Untracked 
| 208|0x000000008d000000, 0x000000008d100000, 0x000000008d100000|100%| O|  |TAMS 0x000000008d100000, 0x000000008d100000| Untracked 
| 209|0x000000008d100000, 0x000000008d200000, 0x000000008d200000|100%|HS|  |TAMS 0x000000008d100000, 0x000000008d200000| Complete 
| 210|0x000000008d200000, 0x000000008d300000, 0x000000008d300000|100%|HC|  |TAMS 0x000000008d200000, 0x000000008d300000| Complete 
| 211|0x000000008d300000, 0x000000008d400000, 0x000000008d400000|100%|HS|  |TAMS 0x000000008d300000, 0x000000008d400000| Complete 
| 212|0x000000008d400000, 0x000000008d500000, 0x000000008d500000|100%|HC|  |TAMS 0x000000008d400000, 0x000000008d500000| Complete 
| 213|0x000000008d500000, 0x000000008d600000, 0x000000008d600000|100%|HS|  |TAMS 0x000000008d500000, 0x000000008d600000| Complete 
| 214|0x000000008d600000, 0x000000008d700000, 0x000000008d700000|100%|HC|  |TAMS 0x000000008d600000, 0x000000008d700000| Complete 
| 215|0x000000008d700000, 0x000000008d700000, 0x000000008d800000|  0%| F|  |TAMS 0x000000008d700000, 0x000000008d700000| Untracked 
| 216|0x000000008d800000, 0x000000008d800000, 0x000000008d900000|  0%| F|  |TAMS 0x000000008d800000, 0x000000008d800000| Untracked 
| 217|0x000000008d900000, 0x000000008d900000, 0x000000008da00000|  0%| F|  |TAMS 0x000000008d900000, 0x000000008d900000| Untracked 
| 218|0x000000008da00000, 0x000000008db00000, 0x000000008db00000|100%| O|  |TAMS 0x000000008db00000, 0x000000008db00000| Untracked 
| 219|0x000000008db00000, 0x000000008dc00000, 0x000000008dc00000|100%| O|  |TAMS 0x000000008dc00000, 0x000000008dc00000| Untracked 
| 220|0x000000008dc00000, 0x000000008dc00000, 0x000000008dd00000|  0%| F|  |TAMS 0x000000008dc00000, 0x000000008dc00000| Untracked 
| 221|0x000000008dd00000, 0x000000008dd00000, 0x000000008de00000|  0%| F|  |TAMS 0x000000008dd00000, 0x000000008dd00000| Untracked 
| 222|0x000000008de00000, 0x000000008de00000, 0x000000008df00000|  0%| F|  |TAMS 0x000000008de00000, 0x000000008de00000| Untracked 
| 223|0x000000008df00000, 0x000000008e000000, 0x000000008e000000|100%| O|  |TAMS 0x000000008e000000, 0x000000008e000000| Untracked 
| 224|0x000000008e000000, 0x000000008e000000, 0x000000008e100000|  0%| F|  |TAMS 0x000000008e000000, 0x000000008e000000| Untracked 
| 225|0x000000008e100000, 0x000000008e200000, 0x000000008e200000|100%| O|  |TAMS 0x000000008e200000, 0x000000008e200000| Untracked 
| 226|0x000000008e200000, 0x000000008e200000, 0x000000008e300000|  0%| F|  |TAMS 0x000000008e200000, 0x000000008e200000| Untracked 
| 227|0x000000008e300000, 0x000000008e300000, 0x000000008e400000|  0%| F|  |TAMS 0x000000008e300000, 0x000000008e300000| Untracked 
| 228|0x000000008e400000, 0x000000008e400000, 0x000000008e500000|  0%| F|  |TAMS 0x000000008e400000, 0x000000008e400000| Untracked 
| 229|0x000000008e500000, 0x000000008e500000, 0x000000008e600000|  0%| F|  |TAMS 0x000000008e500000, 0x000000008e500000| Untracked 
| 230|0x000000008e600000, 0x000000008e600000, 0x000000008e700000|  0%| F|  |TAMS 0x000000008e600000, 0x000000008e600000| Untracked 
| 231|0x000000008e700000, 0x000000008e800000, 0x000000008e800000|100%| O|  |TAMS 0x000000008e800000, 0x000000008e800000| Untracked 
| 232|0x000000008e800000, 0x000000008e800000, 0x000000008e900000|  0%| F|  |TAMS 0x000000008e800000, 0x000000008e800000| Untracked 
| 233|0x000000008e900000, 0x000000008e900000, 0x000000008ea00000|  0%| F|  |TAMS 0x000000008e900000, 0x000000008e900000| Untracked 
| 234|0x000000008ea00000, 0x000000008eb00000, 0x000000008eb00000|100%| O|  |TAMS 0x000000008eb00000, 0x000000008eb00000| Untracked 
| 235|0x000000008eb00000, 0x000000008ec00000, 0x000000008ec00000|100%| O|  |TAMS 0x000000008ec00000, 0x000000008ec00000| Untracked 
| 236|0x000000008ec00000, 0x000000008ed00000, 0x000000008ed00000|100%| O|  |TAMS 0x000000008ed00000, 0x000000008ed00000| Untracked 
| 237|0x000000008ed00000, 0x000000008ee00000, 0x000000008ee00000|100%| O|  |TAMS 0x000000008ee00000, 0x000000008ee00000| Untracked 
| 238|0x000000008ee00000, 0x000000008ef00000, 0x000000008ef00000|100%| O|  |TAMS 0x000000008ef00000, 0x000000008ef00000| Untracked 
| 239|0x000000008ef00000, 0x000000008f000000, 0x000000008f000000|100%| O|  |TAMS 0x000000008f000000, 0x000000008f000000| Untracked 
| 240|0x000000008f000000, 0x000000008f100000, 0x000000008f100000|100%| O|  |TAMS 0x000000008f100000, 0x000000008f100000| Untracked 
| 241|0x000000008f100000, 0x000000008f200000, 0x000000008f200000|100%| O|  |TAMS 0x000000008f200000, 0x000000008f200000| Untracked 
| 242|0x000000008f200000, 0x000000008f300000, 0x000000008f300000|100%| O|  |TAMS 0x000000008f300000, 0x000000008f300000| Untracked 
| 243|0x000000008f300000, 0x000000008f400000, 0x000000008f400000|100%| O|  |TAMS 0x000000008f400000, 0x000000008f400000| Untracked 
| 244|0x000000008f400000, 0x000000008f400000, 0x000000008f500000|  0%| F|  |TAMS 0x000000008f400000, 0x000000008f400000| Untracked 
| 245|0x000000008f500000, 0x000000008f600000, 0x000000008f600000|100%| O|  |TAMS 0x000000008f600000, 0x000000008f600000| Untracked 
| 246|0x000000008f600000, 0x000000008f700000, 0x000000008f700000|100%| O|  |TAMS 0x000000008f700000, 0x000000008f700000| Untracked 
| 247|0x000000008f700000, 0x000000008f800000, 0x000000008f800000|100%| O|  |TAMS 0x000000008f800000, 0x000000008f800000| Untracked 
| 248|0x000000008f800000, 0x000000008f900000, 0x000000008f900000|100%| O|  |TAMS 0x000000008f900000, 0x000000008f900000| Untracked 
| 249|0x000000008f900000, 0x000000008fa00000, 0x000000008fa00000|100%| O|  |TAMS 0x000000008fa00000, 0x000000008fa00000| Untracked 
| 250|0x000000008fa00000, 0x000000008fb00000, 0x000000008fb00000|100%| O|  |TAMS 0x000000008fb00000, 0x000000008fb00000| Untracked 
| 251|0x000000008fb00000, 0x000000008fb00000, 0x000000008fc00000|  0%| F|  |TAMS 0x000000008fb00000, 0x000000008fb00000| Untracked 
| 252|0x000000008fc00000, 0x000000008fd00000, 0x000000008fd00000|100%| O|  |TAMS 0x000000008fd00000, 0x000000008fd00000| Untracked 
| 253|0x000000008fd00000, 0x000000008fd00000, 0x000000008fe00000|  0%| F|  |TAMS 0x000000008fd00000, 0x000000008fd00000| Untracked 
| 254|0x000000008fe00000, 0x000000008ff00000, 0x000000008ff00000|100%| O|  |TAMS 0x000000008fe00000, 0x000000008ff00000| Untracked 
| 255|0x000000008ff00000, 0x0000000090000000, 0x0000000090000000|100%| O|  |TAMS 0x000000008ff00000, 0x0000000090000000| Untracked 
| 256|0x0000000090000000, 0x0000000090100000, 0x0000000090100000|100%| O|  |TAMS 0x0000000090000000, 0x0000000090100000| Untracked 
| 257|0x0000000090100000, 0x0000000090200000, 0x0000000090200000|100%| O|  |TAMS 0x0000000090100000, 0x0000000090200000| Untracked 
| 258|0x0000000090200000, 0x0000000090300000, 0x0000000090300000|100%| O|  |TAMS 0x0000000090200000, 0x0000000090300000| Untracked 
| 259|0x0000000090300000, 0x0000000090300000, 0x0000000090400000|  0%| F|  |TAMS 0x0000000090300000, 0x0000000090300000| Untracked 
| 260|0x0000000090400000, 0x0000000090500000, 0x0000000090500000|100%| O|  |TAMS 0x0000000090400000, 0x0000000090500000| Untracked 
| 261|0x0000000090500000, 0x0000000090600000, 0x0000000090600000|100%| O|  |TAMS 0x0000000090500000, 0x0000000090600000| Untracked 
| 262|0x0000000090600000, 0x0000000090700000, 0x0000000090700000|100%| O|  |TAMS 0x0000000090600000, 0x0000000090700000| Untracked 
| 263|0x0000000090700000, 0x0000000090800000, 0x0000000090800000|100%| O|  |TAMS 0x0000000090700000, 0x0000000090800000| Untracked 
| 264|0x0000000090800000, 0x0000000090900000, 0x0000000090900000|100%| O|  |TAMS 0x0000000090800000, 0x0000000090900000| Untracked 
| 265|0x0000000090900000, 0x0000000090a00000, 0x0000000090a00000|100%| O|  |TAMS 0x0000000090900000, 0x0000000090a00000| Untracked 
| 266|0x0000000090a00000, 0x0000000090b00000, 0x0000000090b00000|100%| O|  |TAMS 0x0000000090a00000, 0x0000000090b00000| Untracked 
| 267|0x0000000090b00000, 0x0000000090c00000, 0x0000000090c00000|100%|HS|  |TAMS 0x0000000090c00000, 0x0000000090c00000| Complete 
| 268|0x0000000090c00000, 0x0000000090d00000, 0x0000000090d00000|100%|HC|  |TAMS 0x0000000090d00000, 0x0000000090d00000| Complete 
| 269|0x0000000090d00000, 0x0000000090e00000, 0x0000000090e00000|100%| O|  |TAMS 0x0000000090e00000, 0x0000000090e00000| Untracked 
| 270|0x0000000090e00000, 0x0000000090f00000, 0x0000000090f00000|100%| O|  |TAMS 0x0000000090f00000, 0x0000000090f00000| Untracked 
| 271|0x0000000090f00000, 0x0000000091000000, 0x0000000091000000|100%| O|  |TAMS 0x0000000091000000, 0x0000000091000000| Untracked 
| 272|0x0000000091000000, 0x0000000091000000, 0x0000000091100000|  0%| F|  |TAMS 0x0000000091000000, 0x0000000091000000| Untracked 
| 273|0x0000000091100000, 0x0000000091100000, 0x0000000091200000|  0%| F|  |TAMS 0x0000000091100000, 0x0000000091100000| Untracked 
| 274|0x0000000091200000, 0x0000000091300000, 0x0000000091300000|100%| O|  |TAMS 0x0000000091300000, 0x0000000091300000| Untracked 
| 275|0x0000000091300000, 0x0000000091400000, 0x0000000091400000|100%| O|  |TAMS 0x0000000091400000, 0x0000000091400000| Untracked 
| 276|0x0000000091400000, 0x0000000091500000, 0x0000000091500000|100%| O|  |TAMS 0x0000000091500000, 0x0000000091500000| Untracked 
| 277|0x0000000091500000, 0x0000000091600000, 0x0000000091600000|100%| O|  |TAMS 0x0000000091600000, 0x0000000091600000| Untracked 
| 278|0x0000000091600000, 0x0000000091700000, 0x0000000091700000|100%| O|  |TAMS 0x0000000091700000, 0x0000000091700000| Untracked 
| 279|0x0000000091700000, 0x0000000091800000, 0x0000000091800000|100%| O|  |TAMS 0x0000000091800000, 0x0000000091800000| Untracked 
| 280|0x0000000091800000, 0x0000000091900000, 0x0000000091900000|100%| O|  |TAMS 0x0000000091900000, 0x0000000091900000| Untracked 
| 281|0x0000000091900000, 0x0000000091900000, 0x0000000091a00000|  0%| F|  |TAMS 0x0000000091900000, 0x0000000091900000| Untracked 
| 282|0x0000000091a00000, 0x0000000091a00000, 0x0000000091b00000|  0%| F|  |TAMS 0x0000000091a00000, 0x0000000091a00000| Untracked 
| 283|0x0000000091b00000, 0x0000000091b00000, 0x0000000091c00000|  0%| F|  |TAMS 0x0000000091b00000, 0x0000000091b00000| Untracked 
| 284|0x0000000091c00000, 0x0000000091c00000, 0x0000000091d00000|  0%| F|  |TAMS 0x0000000091c00000, 0x0000000091c00000| Untracked 
| 285|0x0000000091d00000, 0x0000000091d00000, 0x0000000091e00000|  0%| F|  |TAMS 0x0000000091d00000, 0x0000000091d00000| Untracked 
| 286|0x0000000091e00000, 0x0000000091e00000, 0x0000000091f00000|  0%| F|  |TAMS 0x0000000091e00000, 0x0000000091e00000| Untracked 
| 287|0x0000000091f00000, 0x0000000091f00000, 0x0000000092000000|  0%| F|  |TAMS 0x0000000091f00000, 0x0000000091f00000| Untracked 
| 288|0x0000000092000000, 0x0000000092000000, 0x0000000092100000|  0%| F|  |TAMS 0x0000000092000000, 0x0000000092000000| Untracked 
| 289|0x0000000092100000, 0x0000000092100000, 0x0000000092200000|  0%| F|  |TAMS 0x0000000092100000, 0x0000000092100000| Untracked 
| 290|0x0000000092200000, 0x0000000092200000, 0x0000000092300000|  0%| F|  |TAMS 0x0000000092200000, 0x0000000092200000| Untracked 
| 291|0x0000000092300000, 0x0000000092300000, 0x0000000092400000|  0%| F|  |TAMS 0x0000000092300000, 0x0000000092300000| Untracked 
| 292|0x0000000092400000, 0x0000000092500000, 0x0000000092500000|100%| O|  |TAMS 0x0000000092400000, 0x0000000092500000| Untracked 
| 293|0x0000000092500000, 0x0000000092600000, 0x0000000092600000|100%| O|  |TAMS 0x0000000092500000, 0x0000000092600000| Untracked 
| 294|0x0000000092600000, 0x0000000092700000, 0x0000000092700000|100%| O|  |TAMS 0x0000000092600000, 0x0000000092700000| Untracked 
| 295|0x0000000092700000, 0x0000000092800000, 0x0000000092800000|100%| O|  |TAMS 0x0000000092700000, 0x0000000092800000| Untracked 
| 296|0x0000000092800000, 0x0000000092900000, 0x0000000092900000|100%| O|  |TAMS 0x0000000092800000, 0x0000000092900000| Untracked 
| 297|0x0000000092900000, 0x0000000092a00000, 0x0000000092a00000|100%| O|  |TAMS 0x0000000092900000, 0x0000000092a00000| Untracked 
| 298|0x0000000092a00000, 0x0000000092b00000, 0x0000000092b00000|100%| O|  |TAMS 0x0000000092a00000, 0x0000000092b00000| Untracked 
| 299|0x0000000092b00000, 0x0000000092c00000, 0x0000000092c00000|100%| O|  |TAMS 0x0000000092b00000, 0x0000000092c00000| Untracked 
| 300|0x0000000092c00000, 0x0000000092d00000, 0x0000000092d00000|100%| O|  |TAMS 0x0000000092c00000, 0x0000000092d00000| Untracked 
| 301|0x0000000092d00000, 0x0000000092e00000, 0x0000000092e00000|100%| O|  |TAMS 0x0000000092d00000, 0x0000000092e00000| Untracked 
| 302|0x0000000092e00000, 0x0000000092f00000, 0x0000000092f00000|100%| O|  |TAMS 0x0000000092e00000, 0x0000000092f00000| Untracked 
| 303|0x0000000092f00000, 0x0000000093000000, 0x0000000093000000|100%| O|  |TAMS 0x0000000092f00000, 0x0000000093000000| Untracked 
| 304|0x0000000093000000, 0x0000000093100000, 0x0000000093100000|100%| O|  |TAMS 0x0000000093000000, 0x0000000093100000| Untracked 
| 305|0x0000000093100000, 0x0000000093200000, 0x0000000093200000|100%| O|  |TAMS 0x0000000093100000, 0x0000000093200000| Untracked 
| 306|0x0000000093200000, 0x0000000093300000, 0x0000000093300000|100%| O|  |TAMS 0x0000000093200000, 0x0000000093300000| Untracked 
| 307|0x0000000093300000, 0x0000000093300000, 0x0000000093400000|  0%| F|  |TAMS 0x0000000093300000, 0x0000000093300000| Untracked 
| 308|0x0000000093400000, 0x0000000093400000, 0x0000000093500000|  0%| F|  |TAMS 0x0000000093400000, 0x0000000093400000| Untracked 
| 309|0x0000000093500000, 0x0000000093500000, 0x0000000093600000|  0%| F|  |TAMS 0x0000000093500000, 0x0000000093500000| Untracked 
| 310|0x0000000093600000, 0x0000000093600000, 0x0000000093700000|  0%| F|  |TAMS 0x0000000093600000, 0x0000000093600000| Untracked 
| 311|0x0000000093700000, 0x0000000093700000, 0x0000000093800000|  0%| F|  |TAMS 0x0000000093700000, 0x0000000093700000| Untracked 
| 312|0x0000000093800000, 0x0000000093800000, 0x0000000093900000|  0%| F|  |TAMS 0x0000000093800000, 0x0000000093800000| Untracked 
| 313|0x0000000093900000, 0x0000000093900000, 0x0000000093a00000|  0%| F|  |TAMS 0x0000000093900000, 0x0000000093900000| Untracked 
| 314|0x0000000093a00000, 0x0000000093a00000, 0x0000000093b00000|  0%| F|  |TAMS 0x0000000093a00000, 0x0000000093a00000| Untracked 
| 315|0x0000000093b00000, 0x0000000093b00000, 0x0000000093c00000|  0%| F|  |TAMS 0x0000000093b00000, 0x0000000093b00000| Untracked 
| 316|0x0000000093c00000, 0x0000000093c00000, 0x0000000093d00000|  0%| F|  |TAMS 0x0000000093c00000, 0x0000000093c00000| Untracked 
| 317|0x0000000093d00000, 0x0000000093d00000, 0x0000000093e00000|  0%| F|  |TAMS 0x0000000093d00000, 0x0000000093d00000| Untracked 
| 318|0x0000000093e00000, 0x0000000093e00000, 0x0000000093f00000|  0%| F|  |TAMS 0x0000000093e00000, 0x0000000093e00000| Untracked 
| 319|0x0000000093f00000, 0x0000000093f00000, 0x0000000094000000|  0%| F|  |TAMS 0x0000000093f00000, 0x0000000093f00000| Untracked 
| 320|0x0000000094000000, 0x0000000094000000, 0x0000000094100000|  0%| F|  |TAMS 0x0000000094000000, 0x0000000094000000| Untracked 
| 321|0x0000000094100000, 0x0000000094100000, 0x0000000094200000|  0%| F|  |TAMS 0x0000000094100000, 0x0000000094100000| Untracked 
| 322|0x0000000094200000, 0x0000000094200000, 0x0000000094300000|  0%| F|  |TAMS 0x0000000094200000, 0x0000000094200000| Untracked 
| 323|0x0000000094300000, 0x0000000094300000, 0x0000000094400000|  0%| F|  |TAMS 0x0000000094300000, 0x0000000094300000| Untracked 
| 324|0x0000000094400000, 0x0000000094400000, 0x0000000094500000|  0%| F|  |TAMS 0x0000000094400000, 0x0000000094400000| Untracked 
| 325|0x0000000094500000, 0x0000000094500000, 0x0000000094600000|  0%| F|  |TAMS 0x0000000094500000, 0x0000000094500000| Untracked 
| 326|0x0000000094600000, 0x0000000094600000, 0x0000000094700000|  0%| F|  |TAMS 0x0000000094600000, 0x0000000094600000| Untracked 
| 327|0x0000000094700000, 0x0000000094700000, 0x0000000094800000|  0%| F|  |TAMS 0x0000000094700000, 0x0000000094700000| Untracked 
| 328|0x0000000094800000, 0x0000000094800000, 0x0000000094900000|  0%| F|  |TAMS 0x0000000094800000, 0x0000000094800000| Untracked 
| 329|0x0000000094900000, 0x0000000094900000, 0x0000000094a00000|  0%| F|  |TAMS 0x0000000094900000, 0x0000000094900000| Untracked 
| 330|0x0000000094a00000, 0x0000000094a00000, 0x0000000094b00000|  0%| F|  |TAMS 0x0000000094a00000, 0x0000000094a00000| Untracked 
| 331|0x0000000094b00000, 0x0000000094b00000, 0x0000000094c00000|  0%| F|  |TAMS 0x0000000094b00000, 0x0000000094b00000| Untracked 
| 332|0x0000000094c00000, 0x0000000094c00000, 0x0000000094d00000|  0%| F|  |TAMS 0x0000000094c00000, 0x0000000094c00000| Untracked 
| 333|0x0000000094d00000, 0x0000000094d00000, 0x0000000094e00000|  0%| F|  |TAMS 0x0000000094d00000, 0x0000000094d00000| Untracked 
| 334|0x0000000094e00000, 0x0000000094e00000, 0x0000000094f00000|  0%| F|  |TAMS 0x0000000094e00000, 0x0000000094e00000| Untracked 
| 335|0x0000000094f00000, 0x0000000094f00000, 0x0000000095000000|  0%| F|  |TAMS 0x0000000094f00000, 0x0000000094f00000| Untracked 
| 336|0x0000000095000000, 0x0000000095000000, 0x0000000095100000|  0%| F|  |TAMS 0x0000000095000000, 0x0000000095000000| Untracked 
| 337|0x0000000095100000, 0x0000000095100000, 0x0000000095200000|  0%| F|  |TAMS 0x0000000095100000, 0x0000000095100000| Untracked 
| 338|0x0000000095200000, 0x0000000095200000, 0x0000000095300000|  0%| F|  |TAMS 0x0000000095200000, 0x0000000095200000| Untracked 
| 339|0x0000000095300000, 0x0000000095300000, 0x0000000095400000|  0%| F|  |TAMS 0x0000000095300000, 0x0000000095300000| Untracked 
| 340|0x0000000095400000, 0x0000000095400000, 0x0000000095500000|  0%| F|  |TAMS 0x0000000095400000, 0x0000000095400000| Untracked 
| 341|0x0000000095500000, 0x0000000095500000, 0x0000000095600000|  0%| F|  |TAMS 0x0000000095500000, 0x0000000095500000| Untracked 
| 342|0x0000000095600000, 0x0000000095600000, 0x0000000095700000|  0%| F|  |TAMS 0x0000000095600000, 0x0000000095600000| Untracked 
| 343|0x0000000095700000, 0x0000000095700000, 0x0000000095800000|  0%| F|  |TAMS 0x0000000095700000, 0x0000000095700000| Untracked 
| 344|0x0000000095800000, 0x0000000095800000, 0x0000000095900000|  0%| F|  |TAMS 0x0000000095800000, 0x0000000095800000| Untracked 
| 345|0x0000000095900000, 0x0000000095900000, 0x0000000095a00000|  0%| F|  |TAMS 0x0000000095900000, 0x0000000095900000| Untracked 
| 346|0x0000000095a00000, 0x0000000095a00000, 0x0000000095b00000|  0%| F|  |TAMS 0x0000000095a00000, 0x0000000095a00000| Untracked 
| 347|0x0000000095b00000, 0x0000000095b00000, 0x0000000095c00000|  0%| F|  |TAMS 0x0000000095b00000, 0x0000000095b00000| Untracked 
| 348|0x0000000095c00000, 0x0000000095c00000, 0x0000000095d00000|  0%| F|  |TAMS 0x0000000095c00000, 0x0000000095c00000| Untracked 
| 349|0x0000000095d00000, 0x0000000095d00000, 0x0000000095e00000|  0%| F|  |TAMS 0x0000000095d00000, 0x0000000095d00000| Untracked 
| 350|0x0000000095e00000, 0x0000000095e00000, 0x0000000095f00000|  0%| F|  |TAMS 0x0000000095e00000, 0x0000000095e00000| Untracked 
| 351|0x0000000095f00000, 0x0000000095f00000, 0x0000000096000000|  0%| F|  |TAMS 0x0000000095f00000, 0x0000000095f00000| Untracked 
| 352|0x0000000096000000, 0x0000000096000000, 0x0000000096100000|  0%| F|  |TAMS 0x0000000096000000, 0x0000000096000000| Untracked 
| 353|0x0000000096100000, 0x0000000096100000, 0x0000000096200000|  0%| F|  |TAMS 0x0000000096100000, 0x0000000096100000| Untracked 
| 354|0x0000000096200000, 0x0000000096200000, 0x0000000096300000|  0%| F|  |TAMS 0x0000000096200000, 0x0000000096200000| Untracked 
| 355|0x0000000096300000, 0x0000000096300000, 0x0000000096400000|  0%| F|  |TAMS 0x0000000096300000, 0x0000000096300000| Untracked 
| 356|0x0000000096400000, 0x0000000096400000, 0x0000000096500000|  0%| F|  |TAMS 0x0000000096400000, 0x0000000096400000| Untracked 
| 357|0x0000000096500000, 0x0000000096500000, 0x0000000096600000|  0%| F|  |TAMS 0x0000000096500000, 0x0000000096500000| Untracked 
| 358|0x0000000096600000, 0x0000000096600000, 0x0000000096700000|  0%| F|  |TAMS 0x0000000096600000, 0x0000000096600000| Untracked 
| 359|0x0000000096700000, 0x0000000096700000, 0x0000000096800000|  0%| F|  |TAMS 0x0000000096700000, 0x0000000096700000| Untracked 
| 360|0x0000000096800000, 0x0000000096800000, 0x0000000096900000|  0%| F|  |TAMS 0x0000000096800000, 0x0000000096800000| Untracked 
| 361|0x0000000096900000, 0x0000000096900000, 0x0000000096a00000|  0%| F|  |TAMS 0x0000000096900000, 0x0000000096900000| Untracked 
| 362|0x0000000096a00000, 0x0000000096a00000, 0x0000000096b00000|  0%| F|  |TAMS 0x0000000096a00000, 0x0000000096a00000| Untracked 
| 363|0x0000000096b00000, 0x0000000096b00000, 0x0000000096c00000|  0%| F|  |TAMS 0x0000000096b00000, 0x0000000096b00000| Untracked 
| 364|0x0000000096c00000, 0x0000000096c00000, 0x0000000096d00000|  0%| F|  |TAMS 0x0000000096c00000, 0x0000000096c00000| Untracked 
| 365|0x0000000096d00000, 0x0000000096d00000, 0x0000000096e00000|  0%| F|  |TAMS 0x0000000096d00000, 0x0000000096d00000| Untracked 
| 366|0x0000000096e00000, 0x0000000096e00000, 0x0000000096f00000|  0%| F|  |TAMS 0x0000000096e00000, 0x0000000096e00000| Untracked 
| 367|0x0000000096f00000, 0x0000000096f00000, 0x0000000097000000|  0%| F|  |TAMS 0x0000000096f00000, 0x0000000096f00000| Untracked 
| 368|0x0000000097000000, 0x0000000097000000, 0x0000000097100000|  0%| F|  |TAMS 0x0000000097000000, 0x0000000097000000| Untracked 
| 369|0x0000000097100000, 0x0000000097100000, 0x0000000097200000|  0%| F|  |TAMS 0x0000000097100000, 0x0000000097100000| Untracked 
| 370|0x0000000097200000, 0x0000000097200000, 0x0000000097300000|  0%| F|  |TAMS 0x0000000097200000, 0x0000000097200000| Untracked 
| 371|0x0000000097300000, 0x0000000097300000, 0x0000000097400000|  0%| F|  |TAMS 0x0000000097300000, 0x0000000097300000| Untracked 
| 372|0x0000000097400000, 0x0000000097400000, 0x0000000097500000|  0%| F|  |TAMS 0x0000000097400000, 0x0000000097400000| Untracked 
| 373|0x0000000097500000, 0x0000000097500000, 0x0000000097600000|  0%| F|  |TAMS 0x0000000097500000, 0x0000000097500000| Untracked 
| 374|0x0000000097600000, 0x0000000097600000, 0x0000000097700000|  0%| F|  |TAMS 0x0000000097600000, 0x0000000097600000| Untracked 
| 375|0x0000000097700000, 0x0000000097700000, 0x0000000097800000|  0%| F|  |TAMS 0x0000000097700000, 0x0000000097700000| Untracked 
| 376|0x0000000097800000, 0x0000000097800000, 0x0000000097900000|  0%| F|  |TAMS 0x0000000097800000, 0x0000000097800000| Untracked 
| 377|0x0000000097900000, 0x0000000097900000, 0x0000000097a00000|  0%| F|  |TAMS 0x0000000097900000, 0x0000000097900000| Untracked 
| 378|0x0000000097a00000, 0x0000000097a00000, 0x0000000097b00000|  0%| F|  |TAMS 0x0000000097a00000, 0x0000000097a00000| Untracked 
| 379|0x0000000097b00000, 0x0000000097b00000, 0x0000000097c00000|  0%| F|  |TAMS 0x0000000097b00000, 0x0000000097b00000| Untracked 
| 380|0x0000000097c00000, 0x0000000097c00000, 0x0000000097d00000|  0%| F|  |TAMS 0x0000000097c00000, 0x0000000097c00000| Untracked 
| 381|0x0000000097d00000, 0x0000000097d00000, 0x0000000097e00000|  0%| F|  |TAMS 0x0000000097d00000, 0x0000000097d00000| Untracked 
| 382|0x0000000097e00000, 0x0000000097e00000, 0x0000000097f00000|  0%| F|  |TAMS 0x0000000097e00000, 0x0000000097e00000| Untracked 
| 383|0x0000000097f00000, 0x0000000097f00000, 0x0000000098000000|  0%| F|  |TAMS 0x0000000097f00000, 0x0000000097f00000| Untracked 
| 384|0x0000000098000000, 0x0000000098000000, 0x0000000098100000|  0%| F|  |TAMS 0x0000000098000000, 0x0000000098000000| Untracked 
| 385|0x0000000098100000, 0x0000000098100000, 0x0000000098200000|  0%| F|  |TAMS 0x0000000098100000, 0x0000000098100000| Untracked 
| 386|0x0000000098200000, 0x0000000098200000, 0x0000000098300000|  0%| F|  |TAMS 0x0000000098200000, 0x0000000098200000| Untracked 
| 387|0x0000000098300000, 0x0000000098300000, 0x0000000098400000|  0%| F|  |TAMS 0x0000000098300000, 0x0000000098300000| Untracked 
| 388|0x0000000098400000, 0x0000000098400000, 0x0000000098500000|  0%| F|  |TAMS 0x0000000098400000, 0x0000000098400000| Untracked 
| 389|0x0000000098500000, 0x0000000098500000, 0x0000000098600000|  0%| F|  |TAMS 0x0000000098500000, 0x0000000098500000| Untracked 
| 390|0x0000000098600000, 0x0000000098600000, 0x0000000098700000|  0%| F|  |TAMS 0x0000000098600000, 0x0000000098600000| Untracked 
| 391|0x0000000098700000, 0x0000000098700000, 0x0000000098800000|  0%| F|  |TAMS 0x0000000098700000, 0x0000000098700000| Untracked 
| 392|0x0000000098800000, 0x0000000098800000, 0x0000000098900000|  0%| F|  |TAMS 0x0000000098800000, 0x0000000098800000| Untracked 
| 393|0x0000000098900000, 0x0000000098900000, 0x0000000098a00000|  0%| F|  |TAMS 0x0000000098900000, 0x0000000098900000| Untracked 
| 394|0x0000000098a00000, 0x0000000098a00000, 0x0000000098b00000|  0%| F|  |TAMS 0x0000000098a00000, 0x0000000098a00000| Untracked 
| 395|0x0000000098b00000, 0x0000000098b00000, 0x0000000098c00000|  0%| F|  |TAMS 0x0000000098b00000, 0x0000000098b00000| Untracked 
| 396|0x0000000098c00000, 0x0000000098c00000, 0x0000000098d00000|  0%| F|  |TAMS 0x0000000098c00000, 0x0000000098c00000| Untracked 
| 397|0x0000000098d00000, 0x0000000098d00000, 0x0000000098e00000|  0%| F|  |TAMS 0x0000000098d00000, 0x0000000098d00000| Untracked 
| 398|0x0000000098e00000, 0x0000000098e00000, 0x0000000098f00000|  0%| F|  |TAMS 0x0000000098e00000, 0x0000000098e00000| Untracked 
| 399|0x0000000098f00000, 0x0000000098f00000, 0x0000000099000000|  0%| F|  |TAMS 0x0000000098f00000, 0x0000000098f00000| Untracked 
| 400|0x0000000099000000, 0x0000000099000000, 0x0000000099100000|  0%| F|  |TAMS 0x0000000099000000, 0x0000000099000000| Untracked 
| 401|0x0000000099100000, 0x0000000099100000, 0x0000000099200000|  0%| F|  |TAMS 0x0000000099100000, 0x0000000099100000| Untracked 
| 402|0x0000000099200000, 0x0000000099200000, 0x0000000099300000|  0%| F|  |TAMS 0x0000000099200000, 0x0000000099200000| Untracked 
| 403|0x0000000099300000, 0x0000000099300000, 0x0000000099400000|  0%| F|  |TAMS 0x0000000099300000, 0x0000000099300000| Untracked 
| 404|0x0000000099400000, 0x0000000099400000, 0x0000000099500000|  0%| F|  |TAMS 0x0000000099400000, 0x0000000099400000| Untracked 
| 405|0x0000000099500000, 0x0000000099500000, 0x0000000099600000|  0%| F|  |TAMS 0x0000000099500000, 0x0000000099500000| Untracked 
| 406|0x0000000099600000, 0x0000000099600000, 0x0000000099700000|  0%| F|  |TAMS 0x0000000099600000, 0x0000000099600000| Untracked 
| 407|0x0000000099700000, 0x0000000099700000, 0x0000000099800000|  0%| F|  |TAMS 0x0000000099700000, 0x0000000099700000| Untracked 
| 408|0x0000000099800000, 0x0000000099800000, 0x0000000099900000|  0%| F|  |TAMS 0x0000000099800000, 0x0000000099800000| Untracked 
| 409|0x0000000099900000, 0x0000000099900000, 0x0000000099a00000|  0%| F|  |TAMS 0x0000000099900000, 0x0000000099900000| Untracked 
| 410|0x0000000099a00000, 0x0000000099a00000, 0x0000000099b00000|  0%| F|  |TAMS 0x0000000099a00000, 0x0000000099a00000| Untracked 
| 411|0x0000000099b00000, 0x0000000099b00000, 0x0000000099c00000|  0%| F|  |TAMS 0x0000000099b00000, 0x0000000099b00000| Untracked 
| 412|0x0000000099c00000, 0x0000000099c00000, 0x0000000099d00000|  0%| F|  |TAMS 0x0000000099c00000, 0x0000000099c00000| Untracked 
| 413|0x0000000099d00000, 0x0000000099d00000, 0x0000000099e00000|  0%| F|  |TAMS 0x0000000099d00000, 0x0000000099d00000| Untracked 
| 414|0x0000000099e00000, 0x0000000099e00000, 0x0000000099f00000|  0%| F|  |TAMS 0x0000000099e00000, 0x0000000099e00000| Untracked 
| 415|0x0000000099f00000, 0x0000000099f00000, 0x000000009a000000|  0%| F|  |TAMS 0x0000000099f00000, 0x0000000099f00000| Untracked 
| 416|0x000000009a000000, 0x000000009a000000, 0x000000009a100000|  0%| F|  |TAMS 0x000000009a000000, 0x000000009a000000| Untracked 
| 417|0x000000009a100000, 0x000000009a100000, 0x000000009a200000|  0%| F|  |TAMS 0x000000009a100000, 0x000000009a100000| Untracked 
| 418|0x000000009a200000, 0x000000009a200000, 0x000000009a300000|  0%| F|  |TAMS 0x000000009a200000, 0x000000009a200000| Untracked 
| 419|0x000000009a300000, 0x000000009a300000, 0x000000009a400000|  0%| F|  |TAMS 0x000000009a300000, 0x000000009a300000| Untracked 
| 420|0x000000009a400000, 0x000000009a400000, 0x000000009a500000|  0%| F|  |TAMS 0x000000009a400000, 0x000000009a400000| Untracked 
| 421|0x000000009a500000, 0x000000009a500000, 0x000000009a600000|  0%| F|  |TAMS 0x000000009a500000, 0x000000009a500000| Untracked 
| 422|0x000000009a600000, 0x000000009a600000, 0x000000009a700000|  0%| F|  |TAMS 0x000000009a600000, 0x000000009a600000| Untracked 
| 423|0x000000009a700000, 0x000000009a700000, 0x000000009a800000|  0%| F|  |TAMS 0x000000009a700000, 0x000000009a700000| Untracked 
| 424|0x000000009a800000, 0x000000009a800000, 0x000000009a900000|  0%| F|  |TAMS 0x000000009a800000, 0x000000009a800000| Untracked 
| 425|0x000000009a900000, 0x000000009a900000, 0x000000009aa00000|  0%| F|  |TAMS 0x000000009a900000, 0x000000009a900000| Untracked 
| 426|0x000000009aa00000, 0x000000009aa00000, 0x000000009ab00000|  0%| F|  |TAMS 0x000000009aa00000, 0x000000009aa00000| Untracked 
| 427|0x000000009ab00000, 0x000000009ab00000, 0x000000009ac00000|  0%| F|  |TAMS 0x000000009ab00000, 0x000000009ab00000| Untracked 
| 428|0x000000009ac00000, 0x000000009ac00000, 0x000000009ad00000|  0%| F|  |TAMS 0x000000009ac00000, 0x000000009ac00000| Untracked 
| 429|0x000000009ad00000, 0x000000009ad00000, 0x000000009ae00000|  0%| F|  |TAMS 0x000000009ad00000, 0x000000009ad00000| Untracked 
| 430|0x000000009ae00000, 0x000000009ae00000, 0x000000009af00000|  0%| F|  |TAMS 0x000000009ae00000, 0x000000009ae00000| Untracked 
| 431|0x000000009af00000, 0x000000009af00000, 0x000000009b000000|  0%| F|  |TAMS 0x000000009af00000, 0x000000009af00000| Untracked 
| 432|0x000000009b000000, 0x000000009b000000, 0x000000009b100000|  0%| F|  |TAMS 0x000000009b000000, 0x000000009b000000| Untracked 
| 433|0x000000009b100000, 0x000000009b100000, 0x000000009b200000|  0%| F|  |TAMS 0x000000009b100000, 0x000000009b100000| Untracked 
| 434|0x000000009b200000, 0x000000009b200000, 0x000000009b300000|  0%| F|  |TAMS 0x000000009b200000, 0x000000009b200000| Untracked 
| 435|0x000000009b300000, 0x000000009b300000, 0x000000009b400000|  0%| F|  |TAMS 0x000000009b300000, 0x000000009b300000| Untracked 
| 436|0x000000009b400000, 0x000000009b400000, 0x000000009b500000|  0%| F|  |TAMS 0x000000009b400000, 0x000000009b400000| Untracked 
| 437|0x000000009b500000, 0x000000009b500000, 0x000000009b600000|  0%| F|  |TAMS 0x000000009b500000, 0x000000009b500000| Untracked 
| 438|0x000000009b600000, 0x000000009b600000, 0x000000009b700000|  0%| F|  |TAMS 0x000000009b600000, 0x000000009b600000| Untracked 
| 439|0x000000009b700000, 0x000000009b700000, 0x000000009b800000|  0%| F|  |TAMS 0x000000009b700000, 0x000000009b700000| Untracked 
| 440|0x000000009b800000, 0x000000009b800000, 0x000000009b900000|  0%| F|  |TAMS 0x000000009b800000, 0x000000009b800000| Untracked 
| 441|0x000000009b900000, 0x000000009b900000, 0x000000009ba00000|  0%| F|  |TAMS 0x000000009b900000, 0x000000009b900000| Untracked 
| 442|0x000000009ba00000, 0x000000009ba00000, 0x000000009bb00000|  0%| F|  |TAMS 0x000000009ba00000, 0x000000009ba00000| Untracked 
| 443|0x000000009bb00000, 0x000000009bb00000, 0x000000009bc00000|  0%| F|  |TAMS 0x000000009bb00000, 0x000000009bb00000| Untracked 
| 444|0x000000009bc00000, 0x000000009bc00000, 0x000000009bd00000|  0%| F|  |TAMS 0x000000009bc00000, 0x000000009bc00000| Untracked 
| 445|0x000000009bd00000, 0x000000009bd00000, 0x000000009be00000|  0%| F|  |TAMS 0x000000009bd00000, 0x000000009bd00000| Untracked 
| 446|0x000000009be00000, 0x000000009be00000, 0x000000009bf00000|  0%| F|  |TAMS 0x000000009be00000, 0x000000009be00000| Untracked 
| 447|0x000000009bf00000, 0x000000009bf00000, 0x000000009c000000|  0%| F|  |TAMS 0x000000009bf00000, 0x000000009bf00000| Untracked 
| 448|0x000000009c000000, 0x000000009c000000, 0x000000009c100000|  0%| F|  |TAMS 0x000000009c000000, 0x000000009c000000| Untracked 
| 449|0x000000009c100000, 0x000000009c100000, 0x000000009c200000|  0%| F|  |TAMS 0x000000009c100000, 0x000000009c100000| Untracked 
| 450|0x000000009c200000, 0x000000009c200000, 0x000000009c300000|  0%| F|  |TAMS 0x000000009c200000, 0x000000009c200000| Untracked 
| 451|0x000000009c300000, 0x000000009c300000, 0x000000009c400000|  0%| F|  |TAMS 0x000000009c300000, 0x000000009c300000| Untracked 
| 452|0x000000009c400000, 0x000000009c400000, 0x000000009c500000|  0%| F|  |TAMS 0x000000009c400000, 0x000000009c400000| Untracked 
| 453|0x000000009c500000, 0x000000009c500000, 0x000000009c600000|  0%| F|  |TAMS 0x000000009c500000, 0x000000009c500000| Untracked 
| 454|0x000000009c600000, 0x000000009c600000, 0x000000009c700000|  0%| F|  |TAMS 0x000000009c600000, 0x000000009c600000| Untracked 
| 455|0x000000009c700000, 0x000000009c700000, 0x000000009c800000|  0%| F|  |TAMS 0x000000009c700000, 0x000000009c700000| Untracked 
| 456|0x000000009c800000, 0x000000009c800000, 0x000000009c900000|  0%| F|  |TAMS 0x000000009c800000, 0x000000009c800000| Untracked 
| 457|0x000000009c900000, 0x000000009c900000, 0x000000009ca00000|  0%| F|  |TAMS 0x000000009c900000, 0x000000009c900000| Untracked 
| 458|0x000000009ca00000, 0x000000009ca00000, 0x000000009cb00000|  0%| F|  |TAMS 0x000000009ca00000, 0x000000009ca00000| Untracked 
| 459|0x000000009cb00000, 0x000000009cb00000, 0x000000009cc00000|  0%| F|  |TAMS 0x000000009cb00000, 0x000000009cb00000| Untracked 
| 460|0x000000009cc00000, 0x000000009cc00000, 0x000000009cd00000|  0%| F|  |TAMS 0x000000009cc00000, 0x000000009cc00000| Untracked 
| 461|0x000000009cd00000, 0x000000009cd00000, 0x000000009ce00000|  0%| F|  |TAMS 0x000000009cd00000, 0x000000009cd00000| Untracked 
| 462|0x000000009ce00000, 0x000000009ce00000, 0x000000009cf00000|  0%| F|  |TAMS 0x000000009ce00000, 0x000000009ce00000| Untracked 
| 463|0x000000009cf00000, 0x000000009cf00000, 0x000000009d000000|  0%| F|  |TAMS 0x000000009cf00000, 0x000000009cf00000| Untracked 
| 464|0x000000009d000000, 0x000000009d000000, 0x000000009d100000|  0%| F|  |TAMS 0x000000009d000000, 0x000000009d000000| Untracked 
| 465|0x000000009d100000, 0x000000009d100000, 0x000000009d200000|  0%| F|  |TAMS 0x000000009d100000, 0x000000009d100000| Untracked 
| 466|0x000000009d200000, 0x000000009d200000, 0x000000009d300000|  0%| F|  |TAMS 0x000000009d200000, 0x000000009d200000| Untracked 
| 467|0x000000009d300000, 0x000000009d300000, 0x000000009d400000|  0%| F|  |TAMS 0x000000009d300000, 0x000000009d300000| Untracked 
| 468|0x000000009d400000, 0x000000009d400000, 0x000000009d500000|  0%| F|  |TAMS 0x000000009d400000, 0x000000009d400000| Untracked 
| 469|0x000000009d500000, 0x000000009d500000, 0x000000009d600000|  0%| F|  |TAMS 0x000000009d500000, 0x000000009d500000| Untracked 
| 470|0x000000009d600000, 0x000000009d600000, 0x000000009d700000|  0%| F|  |TAMS 0x000000009d600000, 0x000000009d600000| Untracked 
| 471|0x000000009d700000, 0x000000009d700000, 0x000000009d800000|  0%| F|  |TAMS 0x000000009d700000, 0x000000009d700000| Untracked 
| 472|0x000000009d800000, 0x000000009d800000, 0x000000009d900000|  0%| F|  |TAMS 0x000000009d800000, 0x000000009d800000| Untracked 
| 473|0x000000009d900000, 0x000000009d900000, 0x000000009da00000|  0%| F|  |TAMS 0x000000009d900000, 0x000000009d900000| Untracked 
| 474|0x000000009da00000, 0x000000009da00000, 0x000000009db00000|  0%| F|  |TAMS 0x000000009da00000, 0x000000009da00000| Untracked 
| 475|0x000000009db00000, 0x000000009db00000, 0x000000009dc00000|  0%| F|  |TAMS 0x000000009db00000, 0x000000009db00000| Untracked 
| 476|0x000000009dc00000, 0x000000009dc00000, 0x000000009dd00000|  0%| F|  |TAMS 0x000000009dc00000, 0x000000009dc00000| Untracked 
| 477|0x000000009dd00000, 0x000000009dd00000, 0x000000009de00000|  0%| F|  |TAMS 0x000000009dd00000, 0x000000009dd00000| Untracked 
| 478|0x000000009de00000, 0x000000009de00000, 0x000000009df00000|  0%| F|  |TAMS 0x000000009de00000, 0x000000009de00000| Untracked 
| 479|0x000000009df00000, 0x000000009df00000, 0x000000009e000000|  0%| F|  |TAMS 0x000000009df00000, 0x000000009df00000| Untracked 
| 480|0x000000009e000000, 0x000000009e000000, 0x000000009e100000|  0%| F|  |TAMS 0x000000009e000000, 0x000000009e000000| Untracked 
| 481|0x000000009e100000, 0x000000009e100000, 0x000000009e200000|  0%| F|  |TAMS 0x000000009e100000, 0x000000009e100000| Untracked 
| 482|0x000000009e200000, 0x000000009e200000, 0x000000009e300000|  0%| F|  |TAMS 0x000000009e200000, 0x000000009e200000| Untracked 
| 483|0x000000009e300000, 0x000000009e300000, 0x000000009e400000|  0%| F|  |TAMS 0x000000009e300000, 0x000000009e300000| Untracked 
| 484|0x000000009e400000, 0x000000009e400000, 0x000000009e500000|  0%| F|  |TAMS 0x000000009e400000, 0x000000009e400000| Untracked 
| 485|0x000000009e500000, 0x000000009e500000, 0x000000009e600000|  0%| F|  |TAMS 0x000000009e500000, 0x000000009e500000| Untracked 
| 486|0x000000009e600000, 0x000000009e600000, 0x000000009e700000|  0%| F|  |TAMS 0x000000009e600000, 0x000000009e600000| Untracked 
| 487|0x000000009e700000, 0x000000009e700000, 0x000000009e800000|  0%| F|  |TAMS 0x000000009e700000, 0x000000009e700000| Untracked 
| 488|0x000000009e800000, 0x000000009e800000, 0x000000009e900000|  0%| F|  |TAMS 0x000000009e800000, 0x000000009e800000| Untracked 
| 489|0x000000009e900000, 0x000000009e900000, 0x000000009ea00000|  0%| F|  |TAMS 0x000000009e900000, 0x000000009e900000| Untracked 
| 490|0x000000009ea00000, 0x000000009ea00000, 0x000000009eb00000|  0%| F|  |TAMS 0x000000009ea00000, 0x000000009ea00000| Untracked 
| 491|0x000000009eb00000, 0x000000009eb00000, 0x000000009ec00000|  0%| F|  |TAMS 0x000000009eb00000, 0x000000009eb00000| Untracked 
| 492|0x000000009ec00000, 0x000000009ec00000, 0x000000009ed00000|  0%| F|  |TAMS 0x000000009ec00000, 0x000000009ec00000| Untracked 
| 493|0x000000009ed00000, 0x000000009ed00000, 0x000000009ee00000|  0%| F|  |TAMS 0x000000009ed00000, 0x000000009ed00000| Untracked 
| 494|0x000000009ee00000, 0x000000009ee00000, 0x000000009ef00000|  0%| F|  |TAMS 0x000000009ee00000, 0x000000009ee00000| Untracked 
| 495|0x000000009ef00000, 0x000000009ef00000, 0x000000009f000000|  0%| F|  |TAMS 0x000000009ef00000, 0x000000009ef00000| Untracked 
| 496|0x000000009f000000, 0x000000009f000000, 0x000000009f100000|  0%| F|  |TAMS 0x000000009f000000, 0x000000009f000000| Untracked 
| 497|0x000000009f100000, 0x000000009f100000, 0x000000009f200000|  0%| F|  |TAMS 0x000000009f100000, 0x000000009f100000| Untracked 
| 498|0x000000009f200000, 0x000000009f200000, 0x000000009f300000|  0%| F|  |TAMS 0x000000009f200000, 0x000000009f200000| Untracked 
| 499|0x000000009f300000, 0x000000009f300000, 0x000000009f400000|  0%| F|  |TAMS 0x000000009f300000, 0x000000009f300000| Untracked 
| 500|0x000000009f400000, 0x000000009f400000, 0x000000009f500000|  0%| F|  |TAMS 0x000000009f400000, 0x000000009f400000| Untracked 
| 501|0x000000009f500000, 0x000000009f500000, 0x000000009f600000|  0%| F|  |TAMS 0x000000009f500000, 0x000000009f500000| Untracked 
| 502|0x000000009f600000, 0x000000009f600000, 0x000000009f700000|  0%| F|  |TAMS 0x000000009f600000, 0x000000009f600000| Untracked 
| 503|0x000000009f700000, 0x000000009f700000, 0x000000009f800000|  0%| F|  |TAMS 0x000000009f700000, 0x000000009f700000| Untracked 
| 504|0x000000009f800000, 0x000000009f800000, 0x000000009f900000|  0%| F|  |TAMS 0x000000009f800000, 0x000000009f800000| Untracked 
| 505|0x000000009f900000, 0x000000009f900000, 0x000000009fa00000|  0%| F|  |TAMS 0x000000009f900000, 0x000000009f900000| Untracked 
| 506|0x000000009fa00000, 0x000000009fa00000, 0x000000009fb00000|  0%| F|  |TAMS 0x000000009fa00000, 0x000000009fa00000| Untracked 
| 507|0x000000009fb00000, 0x000000009fb00000, 0x000000009fc00000|  0%| F|  |TAMS 0x000000009fb00000, 0x000000009fb00000| Untracked 
| 508|0x000000009fc00000, 0x000000009fc00000, 0x000000009fd00000|  0%| F|  |TAMS 0x000000009fc00000, 0x000000009fc00000| Untracked 
| 509|0x000000009fd00000, 0x000000009fd00000, 0x000000009fe00000|  0%| F|  |TAMS 0x000000009fd00000, 0x000000009fd00000| Untracked 
| 510|0x000000009fe00000, 0x000000009fe00000, 0x000000009ff00000|  0%| F|  |TAMS 0x000000009fe00000, 0x000000009fe00000| Untracked 
| 511|0x000000009ff00000, 0x000000009ff00000, 0x00000000a0000000|  0%| F|  |TAMS 0x000000009ff00000, 0x000000009ff00000| Untracked 
| 512|0x00000000a0000000, 0x00000000a0000000, 0x00000000a0100000|  0%| F|  |TAMS 0x00000000a0000000, 0x00000000a0000000| Untracked 
| 513|0x00000000a0100000, 0x00000000a0100000, 0x00000000a0200000|  0%| F|  |TAMS 0x00000000a0100000, 0x00000000a0100000| Untracked 
| 514|0x00000000a0200000, 0x00000000a0200000, 0x00000000a0300000|  0%| F|  |TAMS 0x00000000a0200000, 0x00000000a0200000| Untracked 
| 515|0x00000000a0300000, 0x00000000a0300000, 0x00000000a0400000|  0%| F|  |TAMS 0x00000000a0300000, 0x00000000a0300000| Untracked 
| 516|0x00000000a0400000, 0x00000000a0400000, 0x00000000a0500000|  0%| F|  |TAMS 0x00000000a0400000, 0x00000000a0400000| Untracked 
| 517|0x00000000a0500000, 0x00000000a0500000, 0x00000000a0600000|  0%| F|  |TAMS 0x00000000a0500000, 0x00000000a0500000| Untracked 
| 518|0x00000000a0600000, 0x00000000a0600000, 0x00000000a0700000|  0%| F|  |TAMS 0x00000000a0600000, 0x00000000a0600000| Untracked 
| 519|0x00000000a0700000, 0x00000000a0700000, 0x00000000a0800000|  0%| F|  |TAMS 0x00000000a0700000, 0x00000000a0700000| Untracked 
| 520|0x00000000a0800000, 0x00000000a0800000, 0x00000000a0900000|  0%| F|  |TAMS 0x00000000a0800000, 0x00000000a0800000| Untracked 
| 521|0x00000000a0900000, 0x00000000a0900000, 0x00000000a0a00000|  0%| F|  |TAMS 0x00000000a0900000, 0x00000000a0900000| Untracked 
| 522|0x00000000a0a00000, 0x00000000a0a00000, 0x00000000a0b00000|  0%| F|  |TAMS 0x00000000a0a00000, 0x00000000a0a00000| Untracked 
| 523|0x00000000a0b00000, 0x00000000a0b00000, 0x00000000a0c00000|  0%| F|  |TAMS 0x00000000a0b00000, 0x00000000a0b00000| Untracked 
| 524|0x00000000a0c00000, 0x00000000a0c00000, 0x00000000a0d00000|  0%| F|  |TAMS 0x00000000a0c00000, 0x00000000a0c00000| Untracked 
| 525|0x00000000a0d00000, 0x00000000a0d00000, 0x00000000a0e00000|  0%| F|  |TAMS 0x00000000a0d00000, 0x00000000a0d00000| Untracked 
| 526|0x00000000a0e00000, 0x00000000a0e00000, 0x00000000a0f00000|  0%| F|  |TAMS 0x00000000a0e00000, 0x00000000a0e00000| Untracked 
| 527|0x00000000a0f00000, 0x00000000a0f00000, 0x00000000a1000000|  0%| F|  |TAMS 0x00000000a0f00000, 0x00000000a0f00000| Untracked 
| 528|0x00000000a1000000, 0x00000000a1000000, 0x00000000a1100000|  0%| F|  |TAMS 0x00000000a1000000, 0x00000000a1000000| Untracked 
| 529|0x00000000a1100000, 0x00000000a1100000, 0x00000000a1200000|  0%| F|  |TAMS 0x00000000a1100000, 0x00000000a1100000| Untracked 
| 530|0x00000000a1200000, 0x00000000a1200000, 0x00000000a1300000|  0%| F|  |TAMS 0x00000000a1200000, 0x00000000a1200000| Untracked 
| 531|0x00000000a1300000, 0x00000000a1300000, 0x00000000a1400000|  0%| F|  |TAMS 0x00000000a1300000, 0x00000000a1300000| Untracked 
| 532|0x00000000a1400000, 0x00000000a1400000, 0x00000000a1500000|  0%| F|  |TAMS 0x00000000a1400000, 0x00000000a1400000| Untracked 
| 533|0x00000000a1500000, 0x00000000a1500000, 0x00000000a1600000|  0%| F|  |TAMS 0x00000000a1500000, 0x00000000a1500000| Untracked 
| 534|0x00000000a1600000, 0x00000000a1600000, 0x00000000a1700000|  0%| F|  |TAMS 0x00000000a1600000, 0x00000000a1600000| Untracked 
| 535|0x00000000a1700000, 0x00000000a1700000, 0x00000000a1800000|  0%| F|  |TAMS 0x00000000a1700000, 0x00000000a1700000| Untracked 
| 536|0x00000000a1800000, 0x00000000a1800000, 0x00000000a1900000|  0%| F|  |TAMS 0x00000000a1800000, 0x00000000a1800000| Untracked 
| 537|0x00000000a1900000, 0x00000000a1900000, 0x00000000a1a00000|  0%| F|  |TAMS 0x00000000a1900000, 0x00000000a1900000| Untracked 
| 538|0x00000000a1a00000, 0x00000000a1a00000, 0x00000000a1b00000|  0%| F|  |TAMS 0x00000000a1a00000, 0x00000000a1a00000| Untracked 
| 539|0x00000000a1b00000, 0x00000000a1b00000, 0x00000000a1c00000|  0%| F|  |TAMS 0x00000000a1b00000, 0x00000000a1b00000| Untracked 
| 540|0x00000000a1c00000, 0x00000000a1c00000, 0x00000000a1d00000|  0%| F|  |TAMS 0x00000000a1c00000, 0x00000000a1c00000| Untracked 
| 541|0x00000000a1d00000, 0x00000000a1d00000, 0x00000000a1e00000|  0%| F|  |TAMS 0x00000000a1d00000, 0x00000000a1d00000| Untracked 
| 542|0x00000000a1e00000, 0x00000000a1e00000, 0x00000000a1f00000|  0%| F|  |TAMS 0x00000000a1e00000, 0x00000000a1e00000| Untracked 
| 543|0x00000000a1f00000, 0x00000000a1f00000, 0x00000000a2000000|  0%| F|  |TAMS 0x00000000a1f00000, 0x00000000a1f00000| Untracked 
| 544|0x00000000a2000000, 0x00000000a2000000, 0x00000000a2100000|  0%| F|  |TAMS 0x00000000a2000000, 0x00000000a2000000| Untracked 
| 545|0x00000000a2100000, 0x00000000a2100000, 0x00000000a2200000|  0%| F|  |TAMS 0x00000000a2100000, 0x00000000a2100000| Untracked 
| 546|0x00000000a2200000, 0x00000000a2200000, 0x00000000a2300000|  0%| F|  |TAMS 0x00000000a2200000, 0x00000000a2200000| Untracked 
| 547|0x00000000a2300000, 0x00000000a2300000, 0x00000000a2400000|  0%| F|  |TAMS 0x00000000a2300000, 0x00000000a2300000| Untracked 
| 548|0x00000000a2400000, 0x00000000a2400000, 0x00000000a2500000|  0%| F|  |TAMS 0x00000000a2400000, 0x00000000a2400000| Untracked 
| 549|0x00000000a2500000, 0x00000000a2500000, 0x00000000a2600000|  0%| F|  |TAMS 0x00000000a2500000, 0x00000000a2500000| Untracked 
| 550|0x00000000a2600000, 0x00000000a2600000, 0x00000000a2700000|  0%| F|  |TAMS 0x00000000a2600000, 0x00000000a2600000| Untracked 
| 551|0x00000000a2700000, 0x00000000a2700000, 0x00000000a2800000|  0%| F|  |TAMS 0x00000000a2700000, 0x00000000a2700000| Untracked 
| 552|0x00000000a2800000, 0x00000000a2800000, 0x00000000a2900000|  0%| F|  |TAMS 0x00000000a2800000, 0x00000000a2800000| Untracked 
| 553|0x00000000a2900000, 0x00000000a2900000, 0x00000000a2a00000|  0%| F|  |TAMS 0x00000000a2900000, 0x00000000a2900000| Untracked 
| 554|0x00000000a2a00000, 0x00000000a2a00000, 0x00000000a2b00000|  0%| F|  |TAMS 0x00000000a2a00000, 0x00000000a2a00000| Untracked 
| 555|0x00000000a2b00000, 0x00000000a2b00000, 0x00000000a2c00000|  0%| F|  |TAMS 0x00000000a2b00000, 0x00000000a2b00000| Untracked 
| 556|0x00000000a2c00000, 0x00000000a2c00000, 0x00000000a2d00000|  0%| F|  |TAMS 0x00000000a2c00000, 0x00000000a2c00000| Untracked 
| 557|0x00000000a2d00000, 0x00000000a2d00000, 0x00000000a2e00000|  0%| F|  |TAMS 0x00000000a2d00000, 0x00000000a2d00000| Untracked 
| 558|0x00000000a2e00000, 0x00000000a2e00000, 0x00000000a2f00000|  0%| F|  |TAMS 0x00000000a2e00000, 0x00000000a2e00000| Untracked 
| 559|0x00000000a2f00000, 0x00000000a2f00000, 0x00000000a3000000|  0%| F|  |TAMS 0x00000000a2f00000, 0x00000000a2f00000| Untracked 
| 560|0x00000000a3000000, 0x00000000a3000000, 0x00000000a3100000|  0%| F|  |TAMS 0x00000000a3000000, 0x00000000a3000000| Untracked 
| 561|0x00000000a3100000, 0x00000000a312b2c8, 0x00000000a3200000| 16%| S|CS|TAMS 0x00000000a3100000, 0x00000000a3100000| Complete 
| 562|0x00000000a3200000, 0x00000000a3300000, 0x00000000a3300000|100%| S|CS|TAMS 0x00000000a3200000, 0x00000000a3200000| Complete 
| 563|0x00000000a3300000, 0x00000000a3400000, 0x00000000a3400000|100%| S|CS|TAMS 0x00000000a3300000, 0x00000000a3300000| Complete 
| 564|0x00000000a3400000, 0x00000000a3500000, 0x00000000a3500000|100%| S|CS|TAMS 0x00000000a3400000, 0x00000000a3400000| Complete 
| 565|0x00000000a3500000, 0x00000000a3600000, 0x00000000a3600000|100%| S|CS|TAMS 0x00000000a3500000, 0x00000000a3500000| Complete 
| 566|0x00000000a3600000, 0x00000000a3700000, 0x00000000a3700000|100%| S|CS|TAMS 0x00000000a3600000, 0x00000000a3600000| Complete 
| 567|0x00000000a3700000, 0x00000000a3800000, 0x00000000a3800000|100%| S|CS|TAMS 0x00000000a3700000, 0x00000000a3700000| Complete 
| 568|0x00000000a3800000, 0x00000000a3900000, 0x00000000a3900000|100%| S|CS|TAMS 0x00000000a3800000, 0x00000000a3800000| Complete 
| 569|0x00000000a3900000, 0x00000000a3a00000, 0x00000000a3a00000|100%| S|CS|TAMS 0x00000000a3900000, 0x00000000a3900000| Complete 
| 570|0x00000000a3a00000, 0x00000000a3b00000, 0x00000000a3b00000|100%| S|CS|TAMS 0x00000000a3a00000, 0x00000000a3a00000| Complete 
| 571|0x00000000a3b00000, 0x00000000a3c00000, 0x00000000a3c00000|100%| S|CS|TAMS 0x00000000a3b00000, 0x00000000a3b00000| Complete 
| 572|0x00000000a3c00000, 0x00000000a3d00000, 0x00000000a3d00000|100%| S|CS|TAMS 0x00000000a3c00000, 0x00000000a3c00000| Complete 
| 573|0x00000000a3d00000, 0x00000000a3d00000, 0x00000000a3e00000|  0%| F|  |TAMS 0x00000000a3d00000, 0x00000000a3d00000| Untracked 
| 574|0x00000000a3e00000, 0x00000000a3e00000, 0x00000000a3f00000|  0%| F|  |TAMS 0x00000000a3e00000, 0x00000000a3e00000| Untracked 
| 575|0x00000000a3f00000, 0x00000000a3f00000, 0x00000000a4000000|  0%| F|  |TAMS 0x00000000a3f00000, 0x00000000a3f00000| Untracked 
| 576|0x00000000a4000000, 0x00000000a4000000, 0x00000000a4100000|  0%| F|  |TAMS 0x00000000a4000000, 0x00000000a4000000| Untracked 
| 577|0x00000000a4100000, 0x00000000a4100000, 0x00000000a4200000|  0%| F|  |TAMS 0x00000000a4100000, 0x00000000a4100000| Untracked 
| 578|0x00000000a4200000, 0x00000000a4200000, 0x00000000a4300000|  0%| F|  |TAMS 0x00000000a4200000, 0x00000000a4200000| Untracked 
| 579|0x00000000a4300000, 0x00000000a4300000, 0x00000000a4400000|  0%| F|  |TAMS 0x00000000a4300000, 0x00000000a4300000| Untracked 
| 580|0x00000000a4400000, 0x00000000a4400000, 0x00000000a4500000|  0%| F|  |TAMS 0x00000000a4400000, 0x00000000a4400000| Untracked 
| 581|0x00000000a4500000, 0x00000000a4500000, 0x00000000a4600000|  0%| F|  |TAMS 0x00000000a4500000, 0x00000000a4500000| Untracked 
| 582|0x00000000a4600000, 0x00000000a4600000, 0x00000000a4700000|  0%| F|  |TAMS 0x00000000a4600000, 0x00000000a4600000| Untracked 
| 583|0x00000000a4700000, 0x00000000a4700000, 0x00000000a4800000|  0%| F|  |TAMS 0x00000000a4700000, 0x00000000a4700000| Untracked 
| 584|0x00000000a4800000, 0x00000000a4800000, 0x00000000a4900000|  0%| F|  |TAMS 0x00000000a4800000, 0x00000000a4800000| Untracked 
| 585|0x00000000a4900000, 0x00000000a4a00000, 0x00000000a4a00000|100%| S|CS|TAMS 0x00000000a4900000, 0x00000000a4900000| Complete 
| 586|0x00000000a4a00000, 0x00000000a4a00000, 0x00000000a4b00000|  0%| F|  |TAMS 0x00000000a4a00000, 0x00000000a4a00000| Untracked 

Card table byte_map: [0x0000027460f50000,0x0000027461350000] _byte_map_base: 0x0000027460b50000

Marking Bits (Prev, Next): (CMBitMap*) 0x000002744bf6daa0, (CMBitMap*) 0x000002744bf6da60
 Prev Bits: [0x0000027463750000, 0x0000027465750000)
 Next Bits: [0x0000027461750000, 0x0000027463750000)

Polling page: 0x000002744bd40000

Metaspace:

Usage:
  Non-class:    166.32 MB used.
      Class:     25.77 MB used.
       Both:    192.09 MB used.

Virtual space:
  Non-class space:      176.00 MB reserved,     166.94 MB ( 95%) committed,  22 nodes.
      Class space:        1.00 GB reserved,      26.31 MB (  3%) committed,  1 nodes.
             Both:        1.17 GB reserved,     193.25 MB ( 16%) committed. 

Chunk freelists:
   Non-Class:  8.61 MB
       Class:  1.70 MB
        Both:  10.31 MB

MaxMetaspaceSize: unlimited
CompressedClassSpaceSize: 1.00 GB
Initial GC threshold: 21.00 MB
Current GC threshold: 310.44 MB
CDS: off
MetaspaceReclaimPolicy: balanced
 - commit_granule_bytes: 65536.
 - commit_granule_words: 8192.
 - virtual_space_node_default_size: 1048576.
 - enlarge_chunks_in_place: 1.
 - new_chunks_are_fully_committed: 0.
 - uncommit_free_chunks: 1.
 - use_allocation_guard: 0.
 - handle_deallocations: 1.


Internal statistics:

num_allocs_failed_limit: 9.
num_arena_births: 1930.
num_arena_deaths: 38.
num_vsnodes_births: 23.
num_vsnodes_deaths: 0.
num_space_committed: 3300.
num_space_uncommitted: 208.
num_chunks_returned_to_freelist: 507.
num_chunks_taken_from_freelist: 9834.
num_chunk_merges: 239.
num_chunk_splits: 7003.
num_chunks_enlarged: 5097.
num_purges: 4.
num_inconsistent_stats: 0.

CodeHeap 'non-profiled nmethods': size=119168Kb used=16385Kb max_used=18327Kb free=102782Kb
 bounds [0x0000027458720000, 0x0000027459910000, 0x000002745fb80000]
CodeHeap 'profiled nmethods': size=119104Kb used=54020Kb max_used=54103Kb free=65083Kb
 bounds [0x0000027450b80000, 0x0000027454060000, 0x0000027457fd0000]
CodeHeap 'non-nmethods': size=7488Kb used=4230Kb max_used=4286Kb free=3258Kb
 bounds [0x0000027457fd0000, 0x0000027458420000, 0x0000027458720000]
 total_blobs=26718 nmethods=25638 adapters=987
 compilation: enabled
              stopped_count=0, restarted_count=0
 full_count=0

Compilation events (20 events):
Event: 250.792 Thread 0x0000027471699590 33785       2       java.lang.invoke.LambdaForm$MH/0x00000001008b1c00::invoke (75 bytes)
Event: 250.793 Thread 0x0000027471699590 nmethod 33785 0x0000027454055810 code [0x0000027454055a00, 0x0000027454055cc8]
Event: 250.793 Thread 0x0000027471695de0 33786       2       java.util.Map$Entry$$Lambda$1101/0x0000000100c71660::compare (12 bytes)
Event: 250.793 Thread 0x0000027471699aa0 33787       2       java.util.Map$Entry::lambda$comparingByKey$bbdbfea9$1 (21 bytes)
Event: 250.793 Thread 0x0000027471699aa0 nmethod 33787 0x0000027454055f10 code [0x00000274540560c0, 0x0000027454056268]
Event: 250.793 Thread 0x0000027471695de0 nmethod 33786 0x0000027454056390 code [0x0000027454056560, 0x00000274540567e8]
Event: 250.795 Thread 0x000002746c6754f0 nmethod 29617 0x0000027459269e90 code [0x000002745926a020, 0x000002745926a218]
Event: 250.795 Thread 0x000002746c6754f0 30490       4       com.android.tools.r8.internal.xW::A (13 bytes)
Event: 250.796 Thread 0x000002746c6754f0 nmethod 30490 0x00000274593c0190 code [0x00000274593c0300, 0x00000274593c0398]
Event: 250.796 Thread 0x000002746c6754f0 31316       4       com.android.tools.r8.internal.mA::a (51 bytes)
Event: 250.797 Thread 0x000002746c6754f0 nmethod 31316 0x0000027459269b90 code [0x0000027459269d00, 0x0000027459269d78]
Event: 250.798 Thread 0x000002746c6754f0 31317       4       com.android.tools.r8.internal.qq::b (138 bytes)
Event: 250.799 Thread 0x000002746c6754f0 nmethod 31317 0x0000027459269790 code [0x0000027459269920, 0x0000027459269a38]
Event: 250.799 Thread 0x000002746c6754f0 31297       4       com.android.tools.r8.internal.Dl::a (88 bytes)
Event: 250.805 Thread 0x000002746c6754f0 nmethod 31297 0x0000027459268f10 code [0x00000274592690c0, 0x0000027459269548]
Event: 250.805 Thread 0x000002746c6754f0 31298       4       com.android.tools.r8.internal.wj::c (41 bytes)
Event: 250.806 Thread 0x000002746c6754f0 nmethod 31298 0x0000027459268c10 code [0x0000027459268d80, 0x0000027459268e38]
Event: 250.806 Thread 0x000002746c6754f0 31336       4       com.android.tools.r8.internal.Sm::n (30 bytes)
Event: 250.823 Thread 0x000002746c6754f0 nmethod 31336 0x0000027459267490 code [0x00000274592676a0, 0x0000027459268538]
Event: 250.823 Thread 0x000002746c6754f0 31307       4       com.android.tools.r8.internal.fk::a (36 bytes)

GC Heap History (20 events):
Event: 247.956 GC heap after
{Heap after GC invocations=82 (full 0):
 garbage-first heap   total 538624K, used 298506K [0x0000000080000000, 0x0000000100000000)
  region size 1024K, 19 young (19456K), 19 survivors (19456K)
 Metaspace       used 186836K, committed 187968K, reserved 1212416K
  class space    used 24361K, committed 24896K, reserved 1048576K
}
Event: 248.461 GC heap before
{Heap before GC invocations=82 (full 0):
 garbage-first heap   total 538624K, used 429578K [0x0000000080000000, 0x0000000100000000)
  region size 1024K, 148 young (151552K), 19 survivors (19456K)
 Metaspace       used 191858K, committed 192960K, reserved 1220608K
  class space    used 25134K, committed 25664K, reserved 1048576K
}
Event: 248.468 GC heap after
{Heap after GC invocations=83 (full 0):
 garbage-first heap   total 538624K, used 307879K [0x0000000080000000, 0x0000000100000000)
  region size 1024K, 9 young (9216K), 9 survivors (9216K)
 Metaspace       used 191858K, committed 192960K, reserved 1220608K
  class space    used 25134K, committed 25664K, reserved 1048576K
}
Event: 249.336 GC heap before
{Heap before GC invocations=83 (full 0):
 garbage-first heap   total 538624K, used 435879K [0x0000000080000000, 0x0000000100000000)
  region size 1024K, 135 young (138240K), 9 survivors (9216K)
 Metaspace       used 202194K, committed 203328K, reserved 1228800K
  class space    used 27108K, committed 27648K, reserved 1048576K
}
Event: 249.343 GC heap after
{Heap after GC invocations=84 (full 0):
 garbage-first heap   total 538624K, used 319488K [0x0000000080000000, 0x0000000100000000)
  region size 1024K, 17 young (17408K), 17 survivors (17408K)
 Metaspace       used 202194K, committed 203328K, reserved 1228800K
  class space    used 27108K, committed 27648K, reserved 1048576K
}
Event: 249.544 GC heap before
{Heap before GC invocations=85 (full 0):
 garbage-first heap   total 601088K, used 421888K [0x0000000080000000, 0x0000000100000000)
  region size 1024K, 136 young (139264K), 17 survivors (17408K)
 Metaspace       used 189485K, committed 190720K, reserved 1228800K
  class space    used 25357K, committed 25984K, reserved 1048576K
}
Event: 249.549 GC heap after
{Heap after GC invocations=86 (full 0):
 garbage-first heap   total 601088K, used 304456K [0x0000000080000000, 0x0000000100000000)
  region size 1024K, 5 young (5120K), 5 survivors (5120K)
 Metaspace       used 189485K, committed 190720K, reserved 1228800K
  class space    used 25357K, committed 25984K, reserved 1048576K
}
Event: 249.569 GC heap before
{Heap before GC invocations=86 (full 0):
 garbage-first heap   total 601088K, used 329032K [0x0000000080000000, 0x0000000100000000)
  region size 1024K, 29 young (29696K), 5 survivors (5120K)
 Metaspace       used 189590K, committed 190784K, reserved 1228800K
  class space    used 25357K, committed 25984K, reserved 1048576K
}
Event: 249.573 GC heap after
{Heap after GC invocations=87 (full 0):
 garbage-first heap   total 601088K, used 251073K [0x0000000080000000, 0x0000000100000000)
  region size 1024K, 2 young (2048K), 2 survivors (2048K)
 Metaspace       used 189590K, committed 190784K, reserved 1228800K
  class space    used 25357K, committed 25984K, reserved 1048576K
}
Event: 249.594 GC heap before
{Heap before GC invocations=87 (full 0):
 garbage-first heap   total 601088K, used 277697K [0x0000000080000000, 0x0000000100000000)
  region size 1024K, 29 young (29696K), 2 survivors (2048K)
 Metaspace       used 189700K, committed 190976K, reserved 1228800K
  class space    used 25357K, committed 25984K, reserved 1048576K
}
Event: 249.599 GC heap after
{Heap after GC invocations=88 (full 0):
 garbage-first heap   total 601088K, used 238084K [0x0000000080000000, 0x0000000100000000)
  region size 1024K, 3 young (3072K), 3 survivors (3072K)
 Metaspace       used 189700K, committed 190976K, reserved 1228800K
  class space    used 25357K, committed 25984K, reserved 1048576K
}
Event: 249.747 GC heap before
{Heap before GC invocations=88 (full 0):
 garbage-first heap   total 601088K, used 474628K [0x0000000080000000, 0x0000000100000000)
  region size 1024K, 234 young (239616K), 3 survivors (3072K)
 Metaspace       used 190289K, committed 191424K, reserved 1228800K
  class space    used 25443K, committed 25984K, reserved 1048576K
}
Event: 249.751 GC heap after
{Heap after GC invocations=89 (full 0):
 garbage-first heap   total 601088K, used 245667K [0x0000000080000000, 0x0000000100000000)
  region size 1024K, 10 young (10240K), 10 survivors (10240K)
 Metaspace       used 190289K, committed 191424K, reserved 1228800K
  class space    used 25443K, committed 25984K, reserved 1048576K
}
Event: 250.087 GC heap before
{Heap before GC invocations=89 (full 0):
 garbage-first heap   total 601088K, used 487331K [0x0000000080000000, 0x0000000100000000)
  region size 1024K, 247 young (252928K), 10 survivors (10240K)
 Metaspace       used 192944K, committed 194048K, reserved 1228800K
  class space    used 25951K, committed 26496K, reserved 1048576K
}
Event: 250.091 GC heap after
{Heap after GC invocations=90 (full 0):
 garbage-first heap   total 601088K, used 252380K [0x0000000080000000, 0x0000000100000000)
  region size 1024K, 17 young (17408K), 17 survivors (17408K)
 Metaspace       used 192944K, committed 194048K, reserved 1228800K
  class space    used 25951K, committed 26496K, reserved 1048576K
}
Event: 250.816 GC heap before
{Heap before GC invocations=90 (full 0):
 garbage-first heap   total 601088K, used 506332K [0x0000000080000000, 0x0000000100000000)
  region size 1024K, 247 young (252928K), 17 survivors (17408K)
 Metaspace       used 196699K, committed 197888K, reserved 1228800K
  class space    used 26386K, committed 26944K, reserved 1048576K
}
Event: 250.821 GC heap after
{Heap after GC invocations=91 (full 0):
 garbage-first heap   total 601088K, used 262692K [0x0000000080000000, 0x0000000100000000)
  region size 1024K, 13 young (13312K), 13 survivors (13312K)
 Metaspace       used 196699K, committed 197888K, reserved 1228800K
  class space    used 26386K, committed 26944K, reserved 1048576K
}
Event: 250.823 GC heap before
{Heap before GC invocations=91 (full 0):
 garbage-first heap   total 601088K, used 276004K [0x0000000080000000, 0x0000000100000000)
  region size 1024K, 15 young (15360K), 13 survivors (13312K)
 Metaspace       used 196700K, committed 197888K, reserved 1228800K
  class space    used 26386K, committed 26944K, reserved 1048576K
}
Event: 250.826 GC heap after
{Heap after GC invocations=92 (full 0):
 garbage-first heap   total 601088K, used 274792K [0x0000000080000000, 0x0000000100000000)
  region size 1024K, 12 young (12288K), 12 survivors (12288K)
 Metaspace       used 196700K, committed 197888K, reserved 1228800K
  class space    used 26386K, committed 26944K, reserved 1048576K
}
Event: 250.827 GC heap before
{Heap before GC invocations=92 (full 0):
 garbage-first heap   total 601088K, used 276840K [0x0000000080000000, 0x0000000100000000)
  region size 1024K, 13 young (13312K), 12 survivors (12288K)
 Metaspace       used 196700K, committed 197888K, reserved 1228800K
  class space    used 26386K, committed 26944K, reserved 1048576K
}

Dll operation events (2 events):
Event: 0.006 Loaded shared library C:\Program Files\Android\Android Studio\jbr\bin\java.dll
Event: 0.328 Loaded shared library C:\Program Files\Android\Android Studio\jbr\bin\verify.dll

Deoptimization events (20 events):
Event: 250.787 Thread 0x000002747798f3f0 Uncommon trap: trap_request=0xffffffde fr.pc=0x0000027458f6eed0 relative=0x00000000000002f0
Event: 250.787 Thread 0x000002747798f3f0 Uncommon trap: reason=class_check action=maybe_recompile pc=0x0000027458f6eed0 method=java.util.zip.DeflaterOutputStream.deflate()V @ 32 c2
Event: 250.787 Thread 0x000002747798f3f0 DEOPT PACKING pc=0x0000027458f6eed0 sp=0x000000eba7dfee00
Event: 250.787 Thread 0x000002747798f3f0 DEOPT UNPACKING pc=0x000002745802a1a3 sp=0x000000eba7dfedc0 mode 2
Event: 250.787 Thread 0x000002747798f3f0 Uncommon trap: trap_request=0xffffffde fr.pc=0x0000027458f6eed0 relative=0x00000000000002f0
Event: 250.787 Thread 0x000002747798f3f0 Uncommon trap: reason=class_check action=maybe_recompile pc=0x0000027458f6eed0 method=java.util.zip.DeflaterOutputStream.deflate()V @ 32 c2
Event: 250.787 Thread 0x000002747798f3f0 DEOPT PACKING pc=0x0000027458f6eed0 sp=0x000000eba7dfee00
Event: 250.787 Thread 0x000002747798f3f0 DEOPT UNPACKING pc=0x000002745802a1a3 sp=0x000000eba7dfedc0 mode 2
Event: 250.787 Thread 0x000002747798f3f0 Uncommon trap: trap_request=0xffffffde fr.pc=0x0000027458f6eed0 relative=0x00000000000002f0
Event: 250.787 Thread 0x000002747798f3f0 Uncommon trap: reason=class_check action=maybe_recompile pc=0x0000027458f6eed0 method=java.util.zip.DeflaterOutputStream.deflate()V @ 32 c2
Event: 250.787 Thread 0x000002747798f3f0 DEOPT PACKING pc=0x0000027458f6eed0 sp=0x000000eba7dfee00
Event: 250.787 Thread 0x000002747798f3f0 DEOPT UNPACKING pc=0x000002745802a1a3 sp=0x000000eba7dfedc0 mode 2
Event: 250.787 Thread 0x000002747593a430 Uncommon trap: trap_request=0xffffffde fr.pc=0x000002745968eb48 relative=0x0000000000000bc8
Event: 250.787 Thread 0x000002747593a430 Uncommon trap: reason=class_check action=maybe_recompile pc=0x000002745968eb48 method=java.util.zip.DeflaterOutputStream.deflate()V @ 32 c2
Event: 250.787 Thread 0x000002747593a430 DEOPT PACKING pc=0x000002745968eb48 sp=0x000000eba7ffed20
Event: 250.787 Thread 0x000002747593a430 DEOPT UNPACKING pc=0x000002745802a1a3 sp=0x000000eba7ffec90 mode 2
Event: 250.787 Thread 0x0000027479196210 Uncommon trap: trap_request=0xffffffde fr.pc=0x0000027458f6eed0 relative=0x00000000000002f0
Event: 250.787 Thread 0x0000027479196210 Uncommon trap: reason=class_check action=maybe_recompile pc=0x0000027458f6eed0 method=java.util.zip.DeflaterOutputStream.deflate()V @ 32 c2
Event: 250.787 Thread 0x0000027479196210 DEOPT PACKING pc=0x0000027458f6eed0 sp=0x000000eba7efebf0
Event: 250.787 Thread 0x0000027479196210 DEOPT UNPACKING pc=0x000002745802a1a3 sp=0x000000eba7efebb0 mode 2

Classes unloaded (20 events):
Event: 249.443 Thread 0x00000274687ee800 Unloading class 0x000000010166a990 'dagger/hilt/processor/internal/root/ir/InvalidRootsException'
Event: 249.443 Thread 0x00000274687ee800 Unloading class 0x000000010166a6b8 'dagger/hilt/processor/internal/root/RootProcessor'
Event: 249.443 Thread 0x00000274687ee800 Unloading class 0x000000010166a470 'dagger/hilt/processor/internal/definecomponent/AutoValue_DefineComponentBuilderMetadatas_DefineComponentBuilderMetadata'
Event: 249.443 Thread 0x00000274687ee800 Unloading class 0x000000010166a230 'dagger/hilt/processor/internal/definecomponent/DefineComponentBuilderMetadatas$DefineComponentBuilderMetadata'
Event: 249.443 Thread 0x00000274687ee800 Unloading class 0x000000010166a000 'dagger/hilt/processor/internal/definecomponent/DefineComponentBuilderMetadatas'
Event: 249.443 Thread 0x00000274687ee800 Unloading class 0x0000000101669bf8 'dagger/hilt/processor/internal/definecomponent/AutoValue_DefineComponentMetadatas_DefineComponentMetadata'
Event: 249.443 Thread 0x00000274687ee800 Unloading class 0x00000001016699b0 'dagger/hilt/processor/internal/definecomponent/DefineComponentMetadatas$DefineComponentMetadata'
Event: 249.443 Thread 0x00000274687ee800 Unloading class 0x0000000101669780 'dagger/hilt/processor/internal/definecomponent/DefineComponentMetadatas'
Event: 249.443 Thread 0x00000274687ee800 Unloading class 0x0000000101669560 'com/google/common/collect/ListMultimap'
Event: 249.443 Thread 0x00000274687ee800 Unloading class 0x0000000101669330 'dagger/hilt/processor/internal/definecomponent/DefineComponents'
Event: 249.443 Thread 0x00000274687ee800 Unloading class 0x0000000101669058 'dagger/hilt/processor/internal/root/ComponentTreeDepsProcessor'
Event: 249.443 Thread 0x00000274687ee800 Unloading class 0x0000000101668d80 'dagger/hilt/android/processor/internal/androidentrypoint/AndroidEntryPointProcessor'
Event: 249.443 Thread 0x00000274687ee800 Unloading class 0x0000000101668aa8 'dagger/hilt/android/processor/internal/viewmodel/ViewModelProcessor'
Event: 249.443 Thread 0x00000274687ee800 Unloading class 0x00000001016687d0 'dagger/hilt/processor/internal/generatesrootinput/GeneratesRootInputProcessor'
Event: 249.443 Thread 0x00000274687ee800 Unloading class 0x00000001016684f8 'dagger/hilt/processor/internal/originatingelement/OriginatingElementProcessor'
Event: 249.443 Thread 0x00000274687ee800 Unloading class 0x0000000101668220 'dagger/hilt/processor/internal/aliasof/AliasOfProcessor'
Event: 249.443 Thread 0x00000274687ee800 Unloading class 0x0000000101668000 'com/google/common/collect/SetMultimap'
Event: 249.443 Thread 0x00000274687ee800 Unloading class 0x0000000101660db0 'com/google/common/collect/Multimap'
Event: 249.443 Thread 0x00000274687ee800 Unloading class 0x0000000101660ad8 'dagger/hilt/processor/internal/uninstallmodules/UninstallModulesProcessor'
Event: 249.443 Thread 0x00000274687ee800 Unloading class 0x0000000101660800 'dagger/hilt/processor/internal/BaseProcessor'

Classes redefined (0 events):
No events

Internal exceptions (20 events):
Event: 250.309 Thread 0x0000027476b0a610 Exception <a 'sun/nio/fs/WindowsException'{0x000000009b1424f0}> (0x000000009b1424f0) 
thrown [s\src\hotspot\share\prims\jni.cpp, line 517]
Event: 250.309 Thread 0x0000027476b0a610 Exception <a 'sun/nio/fs/WindowsException'{0x000000009b142718}> (0x000000009b142718) 
thrown [s\src\hotspot\share\prims\jni.cpp, line 517]
Event: 250.314 Thread 0x0000027476b0a610 Exception <a 'sun/nio/fs/WindowsException'{0x000000009b1adf88}> (0x000000009b1adf88) 
thrown [s\src\hotspot\share\prims\jni.cpp, line 517]
Event: 250.314 Thread 0x0000027476b0a610 Exception <a 'sun/nio/fs/WindowsException'{0x000000009b1ae1b0}> (0x000000009b1ae1b0) 
thrown [s\src\hotspot\share\prims\jni.cpp, line 517]
Event: 250.315 Thread 0x0000027476b0a610 Exception <a 'sun/nio/fs/WindowsException'{0x000000009b1eada8}> (0x000000009b1eada8) 
thrown [s\src\hotspot\share\prims\jni.cpp, line 517]
Event: 250.315 Thread 0x0000027476b0a610 Exception <a 'sun/nio/fs/WindowsException'{0x000000009b1eafd0}> (0x000000009b1eafd0) 
thrown [s\src\hotspot\share\prims\jni.cpp, line 517]
Event: 250.329 Thread 0x000002746c43dd60 Exception <a 'sun/nio/fs/WindowsException'{0x000000009af614e0}> (0x000000009af614e0) 
thrown [s\src\hotspot\share\prims\jni.cpp, line 517]
Event: 250.369 Thread 0x0000027476b0fcb0 Exception <a 'sun/nio/fs/WindowsException'{0x000000009aa62ae8}> (0x000000009aa62ae8) 
thrown [s\src\hotspot\share\prims\jni.cpp, line 517]
Event: 250.375 Thread 0x000002746c43dd60 Exception <a 'java/lang/NoSuchMethodError'{0x000000009a64db30}: 'long java.lang.invoke.DirectMethodHandle$Holder.invokeStatic(java.lang.Object, java.lang.Object, java.lang.Object)'> (0x000000009a64db30) 
thrown [s\src\hotspot\share\interpreter\linkResolver.cpp, line 771]
Event: 250.405 Thread 0x0000027476b0d630 Exception <a 'sun/nio/fs/WindowsException'{0x0000000099cce1d8}> (0x0000000099cce1d8) 
thrown [s\src\hotspot\share\prims\jni.cpp, line 517]
Event: 250.408 Thread 0x000002746c43dd60 Exception <a 'sun/nio/fs/WindowsException'{0x000000009976d7e0}> (0x000000009976d7e0) 
thrown [s\src\hotspot\share\prims\jni.cpp, line 517]
Event: 250.451 Thread 0x0000027476b0fcb0 Exception <a 'sun/nio/fs/WindowsException'{0x0000000097f06cc0}> (0x0000000097f06cc0) 
thrown [s\src\hotspot\share\prims\jni.cpp, line 517]
Event: 250.475 Thread 0x0000027476b0d630 Exception <a 'sun/nio/fs/WindowsException'{0x0000000097aafd18}> (0x0000000097aafd18) 
thrown [s\src\hotspot\share\prims\jni.cpp, line 517]
Event: 250.615 Thread 0x000002746b995480 Exception <a 'java/lang/NoSuchMethodError'{0x0000000096e3ae08}: static Lcom/android/build/api/variant/impl/VariantOutputImpl$SerializedForm;.<clinit>()V> (0x0000000096e3ae08) 
thrown [s\src\hotspot\share\prims\jni.cpp, line 1108]
Event: 250.616 Thread 0x000002746b995480 Exception <a 'java/lang/NoSuchMethodError'{0x0000000096e4d428}: static Lcom/android/build/api/variant/impl/VariantOutputConfigurationImpl;.<clinit>()V> (0x0000000096e4d428) 
thrown [s\src\hotspot\share\prims\jni.cpp, line 1108]
Event: 250.668 Thread 0x0000027476b10650 Exception <a 'java/lang/NoSuchMethodError'{0x0000000096c6dab0}: 'java.lang.Object java.lang.invoke.DirectMethodHandle$Holder.newInvokeSpecial(java.lang.Object, java.lang.Object, java.lang.Object, java.lang.Object, java.lang.Object, int, java.lang.Object)'> (0x0000000096c6dab0) 
thrown [s\src\hotspot\share\interpreter\linkResolver.cpp, line 771]
Event: 250.668 Thread 0x0000027476b10650 Exception <a 'java/lang/NoSuchMethodError'{0x0000000096c76fc0}: 'java.lang.Object java.lang.invoke.Invokers$Holder.linkToTargetMethod(java.lang.Object, java.lang.Object, java.lang.Object, java.lang.Object, int, java.lang.Object, java.lang.Object)'> (0x0000000096c76fc0) 
thrown [s\src\hotspot\share\interpreter\linkResolver.cpp, line 771]
Event: 250.679 Thread 0x0000027476b10650 Exception <a 'java/lang/NoSuchMethodError'{0x0000000096b03180}: 'java.lang.Object java.lang.invoke.DirectMethodHandle$Holder.newInvokeSpecial(java.lang.Object, java.lang.Object, java.lang.Object, java.lang.Object, java.lang.Object, java.lang.Object, java.lang.Object, int)'> (0x0000000096b03180) 
thrown [s\src\hotspot\share\interpreter\linkResolver.cpp, line 771]
Event: 250.679 Thread 0x0000027476b10650 Exception <a 'java/lang/NoSuchMethodError'{0x0000000096b08730}: 'java.lang.Object java.lang.invoke.DirectMethodHandle$Holder.invokeSpecial(java.lang.Object, java.lang.Object, java.lang.Object, java.lang.Object, java.lang.Object, java.lang.Object, java.lang.Object, java.lang.Object, int)'> (0x0000000096b08730) 
thrown [s\src\hotspot\share\interpreter\linkResolver.cpp, line 771]
Event: 250.680 Thread 0x0000027476b10650 Exception <a 'java/lang/NoSuchMethodError'{0x0000000096b0d6a0}: 'java.lang.Object java.lang.invoke.Invokers$Holder.linkToTargetMethod(java.lang.Object, java.lang.Object, java.lang.Object, java.lang.Object, java.lang.Object, java.lang.Object, int, java.lang.Object)'> (0x0000000096b0d6a0) 
thrown [s\src\hotspot\share\interpreter\linkResolver.cpp, line 771]

VM Operations (20 events):
Event: 250.346 Executing VM operation: HandshakeAllThreads done
Event: 250.351 Executing VM operation: HandshakeAllThreads
Event: 250.351 Executing VM operation: HandshakeAllThreads done
Event: 250.371 Executing VM operation: HandshakeAllThreads
Event: 250.371 Executing VM operation: HandshakeAllThreads done
Event: 250.441 Executing VM operation: ICBufferFull
Event: 250.441 Executing VM operation: ICBufferFull done
Event: 250.649 Executing VM operation: HandshakeAllThreads
Event: 250.649 Executing VM operation: HandshakeAllThreads done
Event: 250.745 Executing VM operation: HandshakeAllThreads
Event: 250.746 Executing VM operation: HandshakeAllThreads done
Event: 250.775 Executing VM operation: ICBufferFull
Event: 250.775 Executing VM operation: ICBufferFull done
Event: 250.804 Executing VM operation: ICBufferFull
Event: 250.805 Executing VM operation: ICBufferFull done
Event: 250.816 Executing VM operation: G1TryInitiateConcMark
Event: 250.821 Executing VM operation: G1TryInitiateConcMark done
Event: 250.823 Executing VM operation: G1TryInitiateConcMark
Event: 250.826 Executing VM operation: G1TryInitiateConcMark done
Event: 250.827 Executing VM operation: G1TryInitiateConcMark

Events (20 events):
Event: 250.802 Thread 0x000002746909d650 flushing nmethod 0x0000027453b16010
Event: 250.803 Thread 0x000002746909d650 flushing nmethod 0x0000027453b2c290
Event: 250.803 Thread 0x000002746909d650 flushing nmethod 0x0000027453b42910
Event: 250.803 Thread 0x000002746909d650 flushing nmethod 0x0000027453b70710
Event: 250.815 loading class java/util/concurrent/ForkJoinTask$AdaptedRunnableAction
Event: 250.815 loading class java/util/concurrent/ForkJoinTask$AdaptedRunnableAction done
Event: 250.815 loading class java/util/concurrent/CountedCompleter
Event: 250.815 Thread 0x0000027475939a90 Thread added: 0x0000027475939a90
Event: 250.815 Thread 0x0000027473f0f180 Thread added: 0x0000027473f0f180
Event: 250.815 loading class java/util/concurrent/CountedCompleter done
Event: 250.816 Thread 0x000002746ddaf0f0 Thread added: 0x000002746ddaf0f0
Event: 250.816 Thread 0x0000027476b0c7c0 Thread added: 0x0000027476b0c7c0
Event: 250.816 Thread 0x000002746ddb0430 Thread added: 0x000002746ddb0430
Event: 250.816 Thread 0x00000274766fb080 Thread added: 0x00000274766fb080
Event: 250.822 Thread 0x0000027476e2e180 Thread added: 0x0000027476e2e180
Event: 250.822 Thread 0x0000027476b09c70 Thread added: 0x0000027476b09c70
Event: 250.822 Thread 0x000002747798f8c0 Thread added: 0x000002747798f8c0
Event: 250.822 Thread 0x00000274766fb550 Thread added: 0x00000274766fb550
Event: 250.823 Thread 0x000002747c945530 Thread added: 0x000002747c945530
Event: 250.827 Thread 0x000002747c945a00 Thread added: 0x000002747c945a00


Dynamic libraries:
0x00007ff638650000 - 0x00007ff63865a000 	C:\Program Files\Android\Android Studio\jbr\bin\java.exe
0x00007ffefe910000 - 0x00007ffefeb27000 	C:\Windows\SYSTEM32\ntdll.dll
0x00007ffefdc10000 - 0x00007ffefdcd4000 	C:\Windows\System32\KERNEL32.DLL
0x00007ffefc1d0000 - 0x00007ffefc577000 	C:\Windows\System32\KERNELBASE.dll
0x00007ffefbe20000 - 0x00007ffefbf31000 	C:\Windows\System32\ucrtbase.dll
0x00007ffee73a0000 - 0x00007ffee73b7000 	C:\Program Files\Android\Android Studio\jbr\bin\jli.dll
0x00007ffee7380000 - 0x00007ffee739b000 	C:\Program Files\Android\Android Studio\jbr\bin\VCRUNTIME140.dll
0x00007ffefde30000 - 0x00007ffefdfde000 	C:\Windows\System32\USER32.dll
0x00007ffefbdf0000 - 0x00007ffefbe16000 	C:\Windows\System32\win32u.dll
0x00007ffefc7e0000 - 0x00007ffefc809000 	C:\Windows\System32\GDI32.dll
0x00007ffefbca0000 - 0x00007ffefbdb9000 	C:\Windows\System32\gdi32full.dll
0x00007ffefbfc0000 - 0x00007ffefc05a000 	C:\Windows\System32\msvcp_win.dll
0x00007ffee8c90000 - 0x00007ffee8f23000 	C:\Windows\WinSxS\amd64_microsoft.windows.common-controls_6595b64144ccf1df_6.0.22621.3527_none_270e469b73872a76\COMCTL32.dll
0x00007ffefe6f0000 - 0x00007ffefe797000 	C:\Windows\System32\msvcrt.dll
0x00007ffefd6e0000 - 0x00007ffefd711000 	C:\Windows\System32\IMM32.DLL
0x00007ffee86c0000 - 0x00007ffee86cc000 	C:\Program Files\Android\Android Studio\jbr\bin\vcruntime140_1.dll
0x00007ffee72f0000 - 0x00007ffee737d000 	C:\Program Files\Android\Android Studio\jbr\bin\msvcp140.dll
0x00007ffe7ac70000 - 0x00007ffe7b8dd000 	C:\Program Files\Android\Android Studio\jbr\bin\server\jvm.dll
0x00007ffefdcf0000 - 0x00007ffefdda2000 	C:\Windows\System32\ADVAPI32.dll
0x00007ffefe7b0000 - 0x00007ffefe858000 	C:\Windows\System32\sechost.dll
0x00007ffefbdc0000 - 0x00007ffefbde8000 	C:\Windows\System32\bcrypt.dll
0x00007ffefe5d0000 - 0x00007ffefe6e5000 	C:\Windows\System32\RPCRT4.dll
0x00007ffef4bc0000 - 0x00007ffef4bf4000 	C:\Windows\SYSTEM32\WINMM.dll
0x00007ffef8ad0000 - 0x00007ffef8ad9000 	C:\Windows\SYSTEM32\WSOCK32.dll
0x00007ffef4680000 - 0x00007ffef468a000 	C:\Windows\SYSTEM32\VERSION.dll
0x00007ffefc640000 - 0x00007ffefc6b1000 	C:\Windows\System32\WS2_32.dll
0x00007ffefac60000 - 0x00007ffefac78000 	C:\Windows\SYSTEM32\kernel.appcore.dll
0x00007ffef88f0000 - 0x00007ffef88fa000 	C:\Program Files\Android\Android Studio\jbr\bin\jimage.dll
0x00007ffef9570000 - 0x00007ffef97a3000 	C:\Windows\SYSTEM32\DBGHELP.DLL
0x00007ffefe190000 - 0x00007ffefe518000 	C:\Windows\System32\combase.dll
0x00007ffefc6e0000 - 0x00007ffefc7b7000 	C:\Windows\System32\OLEAUT32.dll
0x00007ffedef40000 - 0x00007ffedef72000 	C:\Windows\SYSTEM32\dbgcore.DLL
0x00007ffefbf40000 - 0x00007ffefbfb9000 	C:\Windows\System32\bcryptPrimitives.dll
0x00007ffee58b0000 - 0x00007ffee58d5000 	C:\Program Files\Android\Android Studio\jbr\bin\java.dll
0x00007ffef4cc0000 - 0x00007ffef4cd8000 	C:\Program Files\Android\Android Studio\jbr\bin\zip.dll
0x00007ffefca80000 - 0x00007ffefd2dc000 	C:\Windows\System32\SHELL32.dll
0x00007ffef9b30000 - 0x00007ffefa426000 	C:\Windows\SYSTEM32\windows.storage.dll
0x00007ffef99f0000 - 0x00007ffef9b2e000 	C:\Windows\SYSTEM32\wintypes.dll
0x00007ffefc880000 - 0x00007ffefc975000 	C:\Windows\System32\SHCORE.dll
0x00007ffefdbb0000 - 0x00007ffefdc0e000 	C:\Windows\System32\shlwapi.dll
0x00007ffefbb60000 - 0x00007ffefbb81000 	C:\Windows\SYSTEM32\profapi.dll
0x00007ffee9310000 - 0x00007ffee9329000 	C:\Program Files\Android\Android Studio\jbr\bin\net.dll
0x00007ffef6240000 - 0x00007ffef6376000 	C:\Windows\SYSTEM32\WINHTTP.dll
0x00007ffefb170000 - 0x00007ffefb1d9000 	C:\Windows\system32\mswsock.dll
0x00007ffee7400000 - 0x00007ffee7416000 	C:\Program Files\Android\Android Studio\jbr\bin\nio.dll
0x00007ffee5890000 - 0x00007ffee58a0000 	C:\Program Files\Android\Android Studio\jbr\bin\verify.dll
0x00007ffedfe00000 - 0x00007ffedfe27000 	C:\Users\SURAJ\.gradle\native\68d5fa5c4cc2d200863cafc0d521ce42e7d3e7ee720ec0a83991735586a16f82\windows-amd64\native-platform.dll
0x00007ffeb3260000 - 0x00007ffeb33a4000 	C:\Users\SURAJ\.gradle\native\e376f236ea51e6404a007f0833ffe2c6e607c4080706a723a18a27aeea778392\windows-amd64\native-platform-file-events.dll
0x00007ffee6080000 - 0x00007ffee6089000 	C:\Program Files\Android\Android Studio\jbr\bin\management.dll
0x00007ffee58a0000 - 0x00007ffee58ab000 	C:\Program Files\Android\Android Studio\jbr\bin\management_ext.dll
0x00007ffefd720000 - 0x00007ffefd728000 	C:\Windows\System32\PSAPI.DLL
0x00007ffefb390000 - 0x00007ffefb3ab000 	C:\Windows\SYSTEM32\CRYPTSP.dll
0x00007ffefac80000 - 0x00007ffefacb5000 	C:\Windows\system32\rsaenh.dll
0x00007ffefb210000 - 0x00007ffefb238000 	C:\Windows\SYSTEM32\USERENV.dll
0x00007ffefb3b0000 - 0x00007ffefb3bc000 	C:\Windows\SYSTEM32\CRYPTBASE.dll
0x00007ffefa6f0000 - 0x00007ffefa71d000 	C:\Windows\SYSTEM32\IPHLPAPI.DLL
0x00007ffefc870000 - 0x00007ffefc879000 	C:\Windows\System32\NSI.dll
0x00007ffef5c20000 - 0x00007ffef5c39000 	C:\Windows\SYSTEM32\dhcpcsvc6.DLL
0x00007ffef5b70000 - 0x00007ffef5b8f000 	C:\Windows\SYSTEM32\dhcpcsvc.DLL
0x00007ffefa720000 - 0x00007ffefa819000 	C:\Windows\SYSTEM32\DNSAPI.dll
0x00007ffee7b50000 - 0x00007ffee7b58000 	C:\Windows\system32\wshunix.dll
0x00007ffef4e90000 - 0x00007ffef4e9a000 	C:\Windows\System32\rasadhlp.dll
0x00007ffef4ea0000 - 0x00007ffef4f23000 	C:\Windows\System32\fwpuclnt.dll
0x00007ffee72d0000 - 0x00007ffee72ee000 	C:\Users\SURAJ\AppData\Local\Temp\native-platform1385214769101425095dir\native-platform.dll
0x00007ffee8330000 - 0x00007ffee8337000 	C:\Program Files\Android\Android Studio\jbr\bin\rmi.dll
0x0000000070bc0000 - 0x0000000070c9c000 	C:\Users\SURAJ\AppData\Local\Temp\sqlite-3.36.0-ee465ece-2a5e-425c-8fbf-d3f5df55399a-sqlitejdbc.dll
0x0000000000ad0000 - 0x0000000000bac000 	C:\Users\SURAJ\AppData\Local\Temp\sqlite-3.36.0-79613dda-eb20-43df-8aea-9abf6a184030-sqlitejdbc.dll
0x0000000000bb0000 - 0x0000000000c8c000 	C:\Users\SURAJ\AppData\Local\Temp\sqlite-3.36.0-afd406ca-86ee-4987-9639-7e4e0761f3d1-sqlitejdbc.dll
0x00007ffefad20000 - 0x00007ffefad54000 	C:\Windows\SYSTEM32\ntmarta.dll

dbghelp: loaded successfully - version: 4.0.5 - missing functions: none
symbol engine: initialized successfully - sym options: 0x614 - pdb path: .;C:\Program Files\Android\Android Studio\jbr\bin;C:\Windows\SYSTEM32;C:\Windows\WinSxS\amd64_microsoft.windows.common-controls_6595b64144ccf1df_6.0.22621.3527_none_270e469b73872a76;C:\Program Files\Android\Android Studio\jbr\bin\server;C:\Users\SURAJ\.gradle\native\68d5fa5c4cc2d200863cafc0d521ce42e7d3e7ee720ec0a83991735586a16f82\windows-amd64;C:\Users\SURAJ\.gradle\native\e376f236ea51e6404a007f0833ffe2c6e607c4080706a723a18a27aeea778392\windows-amd64;C:\Users\SURAJ\AppData\Local\Temp\native-platform1385214769101425095dir;C:\Users\SURAJ\AppData\Local\Temp

VM Arguments:
jvm_args: --add-opens=java.base/java.util=ALL-UNNAMED --add-opens=java.base/java.lang=ALL-UNNAMED --add-opens=java.base/java.lang.invoke=ALL-UNNAMED --add-opens=java.prefs/java.util.prefs=ALL-UNNAMED --add-opens=java.base/java.nio.charset=ALL-UNNAMED --add-opens=java.base/java.net=ALL-UNNAMED --add-opens=java.base/java.util.concurrent.atomic=ALL-UNNAMED -Xmx2048m -Dfile.encoding=UTF-8 -Duser.country=US -Duser.language=en -Duser.variant 
java_command: org.gradle.launcher.daemon.bootstrap.GradleDaemon 8.0
java_class_path (initial): C:\Users\SURAJ\.gradle\wrapper\dists\gradle-8.0-bin\ca5e32bp14vu59qr306oxotwh\gradle-8.0\lib\gradle-launcher-8.0.jar
Launcher Type: SUN_STANDARD

[Global flags]
     intx CICompilerCount                          = 12                                        {product} {ergonomic}
     uint ConcGCThreads                            = 3                                         {product} {ergonomic}
     uint G1ConcRefinementThreads                  = 13                                        {product} {ergonomic}
   size_t G1HeapRegionSize                         = 1048576                                   {product} {ergonomic}
    uintx GCDrainStackTargetSize                   = 64                                        {product} {ergonomic}
   size_t InitialHeapSize                          = 255852544                                 {product} {ergonomic}
   size_t MarkStackSize                            = 4194304                                   {product} {ergonomic}
   size_t MaxHeapSize                              = 2147483648                                {product} {command line}
   size_t MaxNewSize                               = 1287651328                                {product} {ergonomic}
   size_t MinHeapDeltaBytes                        = 1048576                                   {product} {ergonomic}
   size_t MinHeapSize                              = 8388608                                   {product} {ergonomic}
    uintx NonNMethodCodeHeapSize                   = 7602480                                {pd product} {ergonomic}
    uintx NonProfiledCodeHeapSize                  = 122027880                              {pd product} {ergonomic}
    uintx ProfiledCodeHeapSize                     = 122027880                              {pd product} {ergonomic}
    uintx ReservedCodeCacheSize                    = 251658240                              {pd product} {ergonomic}
     bool SegmentedCodeCache                       = true                                      {product} {ergonomic}
   size_t SoftMaxHeapSize                          = 2147483648                             {manageable} {ergonomic}
     bool UseCompressedClassPointers               = true                           {product lp64_product} {ergonomic}
     bool UseCompressedOops                        = true                           {product lp64_product} {ergonomic}
     bool UseG1GC                                  = true                                      {product} {ergonomic}
     bool UseLargePagesIndividualAllocation        = false                                  {pd product} {ergonomic}

Logging:
Log output configuration:
 #0: stdout all=warning uptime,level,tags
 #1: stderr all=off uptime,level,tags

Environment Variables:
JAVA_HOME=C:\Program Files\Java\jdk-20
PATH=C:\Program Files\Common Files\Oracle\Java\javapath;C:\Windows\system32;C:\Windows;C:\Windows\System32\Wbem;C:\Windows\System32\WindowsPowerShell\v1.0\;C:\Windows\System32\OpenSSH\;C:\Program Files (x86)\NVIDIA Corporation\PhysX\Common;C:\Program Files\NVIDIA Corporation\NVIDIA NvDLISR;C:\Program Files\Git\cmd;C:\Program Files\MongoDB\Server\6.0\bin;C:\Program Files\Docker\Docker\resources\bin;C:\Users\SURAJ\Downloads\logstash-8.8.2\bin;C:\Users\SURAJ\Downloads\kibana-8.8.2\bin;C:\Users\SURAJ\Downloads\elasticsearch-8.8.2-windows-x86_64.zip\elasticsearch-8.8.2\bin;C:\Program Files\Java\jdk-20\bin;C:\Program Files\Common Files\Oracle\Java\javapath;C:\Users\SURAJ\AppData\Roaming\nvm;C:\Program Files\nodejs;C:\Program Files\dotnet\;C:\ProgramData\chocolatey\bin;C:\Users\SURAJ\AppData\Local\Microsoft\WindowsApps;C:\Users\SURAJ\AppData\Local\Programs\Microsoft VS Code\bin;C:\Program Files\JetBrains\IntelliJ IDEA Community Edition 2023.1.4\bin;;C:\Users\SURAJ\AppData\Roaming\npm;C:\Users\SURAJ\AppData\Roaming\nvm;C:\Program Files\nodejs;C:\Users\SURAJ\Downloads\elasticsearch-8.11.4-windows-x86_64\elasticsearch-8.11.4\bin;C:\Users\SURAJ\Downloads\kibana-8.11.4-windows-x86_64_1\kibana-8.11.4\bin;C:\Users\SURAJ\Downloads\logstash-8.11.4-windows-x86_64\logstash-8.11.4\bin;
USERNAME=SURAJ
OS=Windows_NT
PROCESSOR_IDENTIFIER=AMD64 Family 25 Model 116 Stepping 1, AuthenticAMD
TMP=C:\Users\SURAJ\AppData\Local\Temp
TEMP=C:\Users\SURAJ\AppData\Local\Temp



---------------  S Y S T E M  ---------------

OS:
 Windows 11 , 64 bit Build 22621 (10.0.22621.3527)
OS uptime: 6 days 22:24 hours
Hyper-V role detected

CPU: total 16 (initial active 16) (16 cores per cpu, 2 threads per core) family 25 model 116 stepping 1 microcode 0x0, cx8, cmov, fxsr, ht, mmx, 3dnowpref, sse, sse2, sse3, ssse3, sse4a, sse4.1, sse4.2, popcnt, lzcnt, tsc, tscinvbit, avx, avx2, aes, erms, clmul, bmi1, bmi2, adx, avx512f, avx512dq, avx512cd, avx512bw, avx512vl, sha, fma, vzeroupper, avx512_vpopcntdq, avx512_vpclmulqdq, avx512_vaes, avx512_vnni, clflush, clflushopt, avx512_vbmi2, avx512_vbmi, hv

Memory: 4k page, system-wide physical 15587M (529M free)
TotalPageFile size 62691M (AvailPageFile size 450M)
current process WorkingSet (physical memory assigned to process): 1089M, peak: 1092M
current process commit charge ("private bytes"): 1154M, peak: 1705M

vm_info: OpenJDK 64-Bit Server VM (17.0.6+0-b2043.56-9586694) for windows-amd64 JRE (17.0.6+0-b2043.56-9586694), built on Feb  9 2023 20:06:20 by "androidbuild" with MS VC++ 16.10 / 16.11 (VS2019)

END.
